GAME,AWAY,AWAY SCORE,HOME,HOME SCORE
1,NYS,,BKN,
2,BOS,,DET,
3,SEA,,KCM,
4,DAL,,LAA,
5,NYC,,CHI,
6,SDT,,SFN,
7,LAP,,HOU,
8,OKC,,ATL,
9,NYS,,BKN,
10,BOS,,DET,
11,CLE,,WAS,
12,SEA,,KCM,
13,OAK,,MIN,
14,DAL,,LAA,
15,NYC,,CHI,
16,PHI,,STL,
17,PIT,,CIN,
18,SDT,,SFN,
19,LAP,,HOU,
20,OKC,,ATL,
21,NYS,,BKN,
22,CLE,,WAS,
23,SEA,,KCM,
24,OAK,,MIN,
25,DAL,,LAA,
26,NYC,,CHI,
27,PHI,,STL,
28,PIT,,CIN,
29,SDT,,SFN,
30,OKC,,ATL,
31,CLE,,NYS,
32,DET,,BKN,
33,BOS,,WAS,
34,DAL,,MIN,
35,SEA,,OAK,
36,PIT,,STL,
37,NYC,,PHI,
38,CHI,,CIN,
39,HOU,,SFN,
40,LAP,,ATL,
41,CLE,,NYS,
42,DET,,BKN,
43,BOS,,WAS,
44,LAA,,KCM,
45,DAL,,MIN,
46,SEA,,OAK,
47,PIT,,STL,
48,NYC,,PHI,
49,CHI,,CIN,
50,HOU,,SFN,
51,SDT,,OKC,
52,LAP,,ATL,
53,CLE,,NYS,
54,DET,,BKN,
55,BOS,,WAS,
56,LAA,,KCM,
57,DAL,,MIN,
58,SEA,,OAK,
59,PIT,,STL,
60,NYC,,PHI,
61,CHI,,CIN,
62,HOU,,SFN,
63,SDT,,OKC,
64,LAP,,ATL,
65,CLE,,NYS,
66,DET,,BKN,
67,BOS,,WAS,
68,LAA,,KCM,
69,DAL,,MIN,
70,SEA,,OAK,
71,PIT,,STL,
72,NYC,,PHI,
73,CHI,,CIN,
74,HOU,,SFN,
75,SDT,,OKC,
76,LAP,,ATL,
77,BOS,,NYS,
78,LAA,,SEA,
79,CHI,,STL,
80,PHI,,PIT,
81,BOS,,NYS,
82,WAS,,DET,
83,BKN,,CLE,
84,KCM,,MIN,
85,LAA,,SEA,
86,DAL,,OAK,
87,CHI,,STL,
88,CIN,,NYC,
89,PHI,,PIT,
90,LAP,,SDT,
91,SFN,,OKC,
92,HOU,,ATL,
93,BOS,,NYS,
94,WAS,,DET,
95,BKN,,CLE,
96,KCM,,MIN,
97,LAA,,SEA,
98,DAL,,OAK,
99,CHI,,STL,
100,CIN,,NYC,
101,PHI,,PIT,
102,LAP,,SDT,
103,SFN,,OKC,
104,HOU,,ATL,
105,WAS,,DET,
106,BKN,,CLE,
107,CIN,,NYC,
108,SFN,,OKC,
109,WAS,,NYS,
110,BKN,,BOS,
111,CLE,,DET,
112,SEA,,MIN,
113,LAA,,OAK,
114,KCM,,DAL,
115,STL,,NYC,
116,PHI,,CIN,
117,CHI,,PIT,
118,ATL,,SDT,
119,LAP,,SFN,
120,HOU,,OKC,
121,WAS,,NYS,
122,BKN,,BOS,
123,CLE,,DET,
124,SEA,,MIN,
125,LAA,,OAK,
126,KCM,,DAL,
127,STL,,NYC,
128,PHI,,CIN,
129,CHI,,PIT,
130,ATL,,SDT,
131,LAP,,SFN,
132,HOU,,OKC,
133,WAS,,NYS,
134,BKN,,BOS,
135,CLE,,DET,
136,SEA,,MIN,
137,LAA,,OAK,
138,KCM,,DAL,
139,STL,,NYC,
140,PHI,,CIN,
141,CHI,,PIT,
142,ATL,,SDT,
143,LAP,,SFN,
144,HOU,,OKC,
145,CLE,,BOS,
146,WAS,,BKN,
147,NYS,,DET,
148,OAK,,KCM,
149,SEA,,DAL,
150,PHI,,CHI,
151,NYC,,PIT,
152,ATL,,SFN,
153,SDT,,HOU,
154,CLE,,BOS,
155,WAS,,BKN,
156,NYS,,DET,
157,OAK,,KCM,
158,MIN,,LAA,
159,SEA,,DAL,
160,PHI,,CHI,
161,STL,,CIN,
162,NYC,,PIT,
163,OKC,,LAP,
164,ATL,,SFN,
165,SDT,,HOU,
166,CLE,,BOS,
167,WAS,,BKN,
168,NYS,,DET,
169,OAK,,KCM,
170,MIN,,LAA,
171,SEA,,DAL,
172,PHI,,CHI,
173,STL,,CIN,
174,NYC,,PIT,
175,OKC,,LAP,
176,ATL,,SFN,
177,SDT,,HOU,
178,NYS,,DET,
179,OAK,,KCM,
180,MIN,,LAA,
181,PHI,,CHI,
182,STL,,CIN,
183,OKC,,LAP,
184,SDT,,HOU,
185,SDT,,KCM,
186,SFN,,SEA,
187,NYS,,CHI,
188,BOS,,STL,
189,BKN,,NYC,
190,DET,,PHI,
191,CLE,,CIN,
192,WAS,,PIT,
193,MIN,,LAP,
194,OAK,,HOU,
195,LAA,,OKC,
196,DAL,,ATL,
197,SDT,,KCM,
198,SFN,,SEA,
199,NYS,,CHI,
200,BOS,,STL,
201,BKN,,NYC,
202,DET,,PHI,
203,CLE,,CIN,
204,WAS,,PIT,
205,MIN,,LAP,
206,OAK,,HOU,
207,LAA,,OKC,
208,DAL,,ATL,
209,SDT,,KCM,
210,SFN,,SEA,
211,NYS,,CHI,
212,BOS,,STL,
213,BKN,,NYC,
214,DET,,PHI,
215,CLE,,CIN,
216,WAS,,PIT,
217,MIN,,LAP,
218,OAK,,HOU,
219,LAA,,OKC,
220,DAL,,ATL,
221,PIT,,NYS,
222,CIN,,BOS,
223,STL,,BKN,
224,CHI,,DET,
225,PHI,,CLE,
226,NYC,,WAS,
227,ATL,,KCM,
228,OKC,,MIN,
229,LAP,,SEA,
230,SDT,,OAK,
231,HOU,,LAA,
232,SFN,,DAL,
233,PIT,,NYS,
234,CIN,,BOS,
235,STL,,BKN,
236,CHI,,DET,
237,PHI,,CLE,
238,NYC,,WAS,
239,ATL,,KCM,
240,OKC,,MIN,
241,LAP,,SEA,
242,SDT,,OAK,
243,HOU,,LAA,
244,SFN,,DAL,
245,PIT,,NYS,
246,CIN,,BOS,
247,STL,,BKN,
248,CHI,,DET,
249,PHI,,CLE,
250,NYC,,WAS,
251,ATL,,KCM,
252,OKC,,MIN,
253,LAP,,SEA,
254,SDT,,OAK,
255,HOU,,LAA,
256,SFN,,DAL,
257,KCM,,NYS,
258,MIN,,BOS,
259,OAK,,DET,
260,LAA,,CLE,
261,DAL,,WAS,
262,CHI,,SDT,
263,STL,,LAP,
264,PHI,,HOU,
265,CIN,,OKC,
266,PIT,,ATL,
267,KCM,,NYS,
268,MIN,,BOS,
269,OAK,,DET,
270,LAA,,CLE,
271,DAL,,WAS,
272,BKN,,SEA,
273,SFN,,NYC,
274,CHI,,SDT,
275,STL,,LAP,
276,PHI,,HOU,
277,CIN,,OKC,
278,PIT,,ATL,
279,KCM,,NYS,
280,MIN,,BOS,
281,OAK,,DET,
282,LAA,,CLE,
283,DAL,,WAS,
284,BKN,,SEA,
285,SFN,,NYC,
286,CHI,,SDT,
287,STL,,LAP,
288,PHI,,HOU,
289,CIN,,OKC,
290,PIT,,ATL,
291,KCM,,NYS,
292,MIN,,BOS,
293,OAK,,DET,
294,LAA,,CLE,
295,DAL,,WAS,
296,BKN,,SEA,
297,SFN,,NYC,
298,CHI,,SDT,
299,STL,,LAP,
300,PHI,,HOU,
301,CIN,,OKC,
302,PIT,,ATL,
303,OAK,,NYS,
304,SEA,,BOS,
305,PIT,,SDT,
306,CIN,,LAP,
307,STL,,SFN,
308,PHI,,OKC,
309,OAK,,NYS,
310,SEA,,BOS,
311,DAL,,BKN,
312,LAA,,DET,
313,MIN,,CLE,
314,KCM,,WAS,
315,PIT,,SDT,
316,CIN,,LAP,
317,STL,,SFN,
318,CHI,,HOU,
319,PHI,,OKC,
320,NYC,,ATL,
321,OAK,,NYS,
322,SEA,,BOS,
323,DAL,,BKN,
324,LAA,,DET,
325,MIN,,CLE,
326,KCM,,WAS,
327,PIT,,SDT,
328,CIN,,LAP,
329,STL,,SFN,
330,CHI,,HOU,
331,PHI,,OKC,
332,NYC,,ATL,
333,DAL,,BKN,
334,LAA,,DET,
335,MIN,,CLE,
336,KCM,,WAS,
337,CHI,,HOU,
338,NYC,,ATL,
339,BOS,,BKN,
340,DET,,CLE,
341,NYS,,WAS,
342,DAL,,KCM,
343,MIN,,SEA,
344,OAK,,LAA,
345,PIT,,CHI,
346,NYC,,STL,
347,CIN,,PHI,
348,SFN,,LAP,
349,OKC,,HOU,
350,SDT,,ATL,
351,BOS,,BKN,
352,DET,,CLE,
353,NYS,,WAS,
354,DAL,,KCM,
355,MIN,,SEA,
356,OAK,,LAA,
357,PIT,,CHI,
358,NYC,,STL,
359,CIN,,PHI,
360,SFN,,LAP,
361,OKC,,HOU,
362,SDT,,ATL,
363,BOS,,BKN,
364,DET,,CLE,
365,NYS,,WAS,
366,DAL,,KCM,
367,MIN,,SEA,
368,OAK,,LAA,
369,PIT,,CHI,
370,NYC,,STL,
371,CIN,,PHI,
372,SFN,,LAP,
373,OKC,,HOU,
374,SDT,,ATL,
375,CLE,,BOS,
376,WAS,,BKN,
377,LAA,,MIN,
378,SEA,,DAL,
379,LAP,,OKC,
380,DET,,NYS,
381,CLE,,BOS,
382,WAS,,BKN,
383,LAA,,MIN,
384,KCM,,OAK,
385,SEA,,DAL,
386,CHI,,PHI,
387,STL,,CIN,
388,NYC,,PIT,
389,HOU,,SDT,
390,ATL,,SFN,
391,LAP,,OKC,
392,DET,,NYS,
393,CLE,,BOS,
394,WAS,,BKN,
395,LAA,,MIN,
396,KCM,,OAK,
397,SEA,,DAL,
398,CHI,,PHI,
399,STL,,CIN,
400,NYC,,PIT,
401,HOU,,SDT,
402,ATL,,SFN,
403,LAP,,OKC,
404,LAA,,MIN,
405,KCM,,OAK,
406,STL,,CIN,
407,NYC,,PIT,
408,HOU,,SDT,
409,ATL,,SFN,
410,LAP,,OKC,
411,CLE,,CHI,
412,WAS,,STL,
413,NYS,,NYC,
414,BOS,,PHI,
415,BKN,,CIN,
416,DET,,PIT,
417,LAA,,SDT,
418,DAL,,LAP,
419,KCM,,SFN,
420,MIN,,HOU,
421,SEA,,OKC,
422,OAK,,ATL,
423,CLE,,CHI,
424,WAS,,STL,
425,NYS,,NYC,
426,BOS,,PHI,
427,BKN,,CIN,
428,DET,,PIT,
429,LAA,,SDT,
430,DAL,,LAP,
431,KCM,,SFN,
432,MIN,,HOU,
433,SEA,,OKC,
434,OAK,,ATL,
435,CLE,,CHI,
436,WAS,,STL,
437,NYS,,NYC,
438,BOS,,PHI,
439,BKN,,CIN,
440,DET,,PIT,
441,LAA,,SDT,
442,DAL,,LAP,
443,KCM,,SFN,
444,MIN,,HOU,
445,SEA,,OKC,
446,OAK,,ATL,
447,BKN,,CHI,
448,DET,,STL,
449,CLE,,NYC,
450,WAS,,PHI,
451,NYS,,CIN,
452,BOS,,PIT,
453,SEA,,SDT,
454,OAK,,LAP,
455,LAA,,SFN,
456,DAL,,HOU,
457,KCM,,OKC,
458,MIN,,ATL,
459,BKN,,CHI,
460,DET,,STL,
461,CLE,,NYC,
462,WAS,,PHI,
463,NYS,,CIN,
464,BOS,,PIT,
465,SEA,,SDT,
466,OAK,,LAP,
467,LAA,,SFN,
468,DAL,,HOU,
469,KCM,,OKC,
470,MIN,,ATL,
471,BKN,,CHI,
472,DET,,STL,
473,CLE,,NYC,
474,WAS,,PHI,
475,NYS,,CIN,
476,BOS,,PIT,
477,SEA,,SDT,
478,OAK,,LAP,
479,LAA,,SFN,
480,DAL,,HOU,
481,KCM,,OKC,
482,MIN,,ATL,
483,BKN,,NYS,
484,BOS,,DET,
485,WAS,,CLE,
486,OAK,,MIN,
487,KCM,,SEA,
488,LAA,,DAL,
489,PHI,,STL,
490,CHI,,NYC,
491,CIN,,PIT,
492,SFN,,SDT,
493,LAP,,HOU,
494,ATL,,OKC,
495,BKN,,NYS,
496,BOS,,DET,
497,WAS,,CLE,
498,OAK,,MIN,
499,KCM,,SEA,
500,LAA,,DAL,
501,PHI,,STL,
502,CHI,,NYC,
503,CIN,,PIT,
504,SFN,,SDT,
505,LAP,,HOU,
506,ATL,,OKC,
507,BKN,,NYS,
508,BOS,,DET,
509,WAS,,CLE,
510,OAK,,MIN,
511,KCM,,SEA,
512,LAA,,DAL,
513,PHI,,STL,
514,CHI,,NYC,
515,CIN,,PIT,
516,SFN,,SDT,
517,LAP,,HOU,
518,ATL,,OKC,
519,BKN,,NYS,
520,BOS,,DET,
521,WAS,,CLE,
522,OAK,,MIN,
523,KCM,,SEA,
524,LAA,,DAL,
525,PHI,,STL,
526,CHI,,NYC,
527,CIN,,PIT,
528,SFN,,SDT,
529,LAP,,HOU,
530,ATL,,OKC,
531,NYS,,BOS,
532,DET,,WAS,
533,SDT,,LAP,
534,NYS,,BOS,
535,CLE,,BKN,
536,DET,,WAS,
537,MIN,,KCM,
538,DAL,,OAK,
539,SEA,,LAA,
540,STL,,CHI,
541,PIT,,PHI,
542,NYC,,CIN,
543,SDT,,LAP,
544,OKC,,SFN,
545,HOU,,ATL,
546,NYS,,BOS,
547,CLE,,BKN,
548,DET,,WAS,
549,MIN,,KCM,
550,DAL,,OAK,
551,SEA,,LAA,
552,STL,,CHI,
553,PIT,,PHI,
554,NYC,,CIN,
555,SDT,,LAP,
556,OKC,,SFN,
557,HOU,,ATL,
558,MIN,,KCM,
559,DAL,,OAK,
560,STL,,CHI,
561,PIT,,PHI,
562,HOU,,ATL,
563,BKN,,KCM,
564,DET,,MIN,
565,CLE,,SEA,
566,WAS,,OAK,
567,NYS,,LAA,
568,BOS,,DAL,
569,OKC,,CHI,
570,ATL,,STL,
571,SDT,,NYC,
572,LAP,,PHI,
573,SFN,,CIN,
574,HOU,,PIT,
575,BKN,,KCM,
576,DET,,MIN,
577,CLE,,SEA,
578,WAS,,OAK,
579,NYS,,LAA,
580,BOS,,DAL,
581,OKC,,CHI,
582,ATL,,STL,
583,SDT,,NYC,
584,LAP,,PHI,
585,SFN,,CIN,
586,HOU,,PIT,
587,BKN,,KCM,
588,DET,,MIN,
589,CLE,,SEA,
590,WAS,,OAK,
591,NYS,,LAA,
592,BOS,,DAL,
593,OKC,,CHI,
594,ATL,,STL,
595,SDT,,NYC,
596,LAP,,PHI,
597,SFN,,CIN,
598,HOU,,PIT,
599,WAS,,SEA,
600,NYS,,DAL,
601,ATL,,CHI,
602,SFN,,PIT,
603,NYC,,LAP,
604,STL,,OKC,
605,LAA,,BOS,
606,MIN,,BKN,
607,KCM,,DET,
608,OAK,,CLE,
609,WAS,,SEA,
610,NYS,,DAL,
611,ATL,,CHI,
612,SFN,,PIT,
613,PHI,,SDT,
614,NYC,,LAP,
615,CIN,,HOU,
616,STL,,OKC,
617,LAA,,BOS,
618,MIN,,BKN,
619,KCM,,DET,
620,OAK,,CLE,
621,WAS,,SEA,
622,NYS,,DAL,
623,ATL,,CHI,
624,SFN,,PIT,
625,PHI,,SDT,
626,NYC,,LAP,
627,CIN,,HOU,
628,STL,,OKC,
629,LAA,,BOS,
630,MIN,,BKN,
631,KCM,,DET,
632,OAK,,CLE,
633,WAS,,SEA,
634,NYS,,DAL,
635,ATL,,CHI,
636,SFN,,PIT,
637,PHI,,SDT,
638,CIN,,HOU,
639,STL,,NYS,
640,CHI,,BOS,
641,PHI,,BKN,
642,NYC,,DET,
643,PIT,,CLE,
644,CIN,,WAS,
645,LAP,,KCM,
646,SDT,,MIN,
647,HOU,,SEA,
648,SFN,,OAK,
649,ATL,,LAA,
650,OKC,,DAL,
651,STL,,NYS,
652,CHI,,BOS,
653,PHI,,BKN,
654,NYC,,DET,
655,PIT,,CLE,
656,CIN,,WAS,
657,LAP,,KCM,
658,SDT,,MIN,
659,HOU,,SEA,
660,SFN,,OAK,
661,ATL,,LAA,
662,OKC,,DAL,
663,STL,,NYS,
664,CHI,,BOS,
665,PHI,,BKN,
666,NYC,,DET,
667,PIT,,CLE,
668,CIN,,WAS,
669,LAP,,KCM,
670,SDT,,MIN,
671,HOU,,SEA,
672,SFN,,OAK,
673,ATL,,LAA,
674,OKC,,DAL,
675,CHI,,NYS,
676,STL,,BOS,
677,PHI,,DET,
678,CIN,,CLE,
679,PIT,,WAS,
680,LAP,,MIN,
681,HOU,,OAK,
682,ATL,,DAL,
683,KCM,,SDT,
684,SEA,,SFN,
685,CHI,,NYS,
686,STL,,BOS,
687,NYC,,BKN,
688,PHI,,DET,
689,CIN,,CLE,
690,PIT,,WAS,
691,LAP,,MIN,
692,HOU,,OAK,
693,OKC,,LAA,
694,ATL,,DAL,
695,KCM,,SDT,
696,SEA,,SFN,
697,CHI,,NYS,
698,STL,,BOS,
699,NYC,,BKN,
700,PHI,,DET,
701,CIN,,CLE,
702,PIT,,WAS,
703,LAP,,MIN,
704,HOU,,OAK,
705,OKC,,LAA,
706,ATL,,DAL,
707,KCM,,SDT,
708,SEA,,SFN,
709,DET,,BOS,
710,NYC,,BKN,
711,CLE,,WAS,
712,KCM,,SEA,
713,MIN,,OAK,
714,OKC,,LAA,
715,STL,,PHI,
716,PIT,,CIN,
717,SFN,,SDT,
718,HOU,,LAP,
719,DET,,BOS,
720,NYS,,BKN,
721,CLE,,WAS,
722,KCM,,SEA,
723,MIN,,OAK,
724,DAL,,LAA,
725,NYC,,CHI,
726,STL,,PHI,
727,PIT,,CIN,
728,SFN,,SDT,
729,HOU,,LAP,
730,OKC,,ATL,
731,DET,,BOS,
732,NYS,,BKN,
733,CLE,,WAS,
734,KCM,,SEA,
735,MIN,,OAK,
736,DAL,,LAA,
737,NYC,,CHI,
738,STL,,PHI,
739,PIT,,CIN,
740,SFN,,SDT,
741,HOU,,LAP,
742,OKC,,ATL,
743,DET,,BOS,
744,NYS,,BKN,
745,CLE,,WAS,
746,KCM,,SEA,
747,MIN,,OAK,
748,DAL,,LAA,
749,NYC,,CHI,
750,STL,,PHI,
751,PIT,,CIN,
752,SFN,,SDT,
753,HOU,,LAP,
754,OKC,,ATL,
755,BKN,,DET,
756,BOS,,WAS,
757,PHI,,NYC,
758,LAP,,ATL,
759,BKN,,DET,
760,NYS,,CLE,
761,BOS,,WAS,
762,LAA,,KCM,
763,DAL,,MIN,
764,OAK,,SEA,
765,CIN,,CHI,
766,PIT,,STL,
767,PHI,,NYC,
768,SFN,,HOU,
769,SDT,,OKC,
770,LAP,,ATL,
771,BKN,,DET,
772,NYS,,CLE,
773,LAA,,KCM,
774,DAL,,MIN,
775,OAK,,SEA,
776,CIN,,CHI,
777,PIT,,STL,
778,PHI,,NYC,
779,SFN,,HOU,
780,SDT,,OKC,
781,BOS,,KCM,
782,NYS,,MIN,
783,BKN,,OAK,
784,WAS,,LAA,
785,CLE,,DAL,
786,LAP,,CHI,
787,SDT,,STL,
788,HOU,,NYC,
789,ATL,,CIN,
790,OKC,,PIT,
791,SEA,,DET,
792,BOS,,KCM,
793,NYS,,MIN,
794,BKN,,OAK,
795,WAS,,LAA,
796,CLE,,DAL,
797,LAP,,CHI,
798,SDT,,STL,
799,HOU,,NYC,
800,ATL,,CIN,
801,OKC,,PIT,
802,PHI,,SFN,
803,SEA,,DET,
804,BOS,,KCM,
805,NYS,,MIN,
806,BKN,,OAK,
807,WAS,,LAA,
808,CLE,,DAL,
809,LAP,,CHI,
810,SDT,,STL,
811,HOU,,NYC,
812,ATL,,CIN,
813,OKC,,PIT,
814,PHI,,SFN,
815,SEA,,DET,
816,BOS,,KCM,
817,NYS,,MIN,
818,BKN,,OAK,
819,WAS,,LAA,
820,CLE,,DAL,
821,LAP,,CHI,
822,SDT,,STL,
823,HOU,,NYC,
824,ATL,,CIN,
825,OKC,,PIT,
826,PHI,,SFN,
827,WAS,,KCM,
828,CLE,,MIN,
829,BOS,,SEA,
830,NYS,,OAK,
831,DET,,LAA,
832,BKN,,DAL,
833,HOU,,CHI,
834,SFN,,STL,
835,ATL,,NYC,
836,OKC,,PHI,
837,LAP,,CIN,
838,SDT,,PIT,
839,WAS,,KCM,
840,CLE,,MIN,
841,BOS,,SEA,
842,NYS,,OAK,
843,DET,,LAA,
844,BKN,,DAL,
845,HOU,,CHI,
846,SFN,,STL,
847,ATL,,NYC,
848,OKC,,PHI,
849,LAP,,CIN,
850,SDT,,PIT,
851,WAS,,KCM,
852,CLE,,MIN,
853,BOS,,SEA,
854,NYS,,OAK,
855,DET,,LAA,
856,BKN,,DAL,
857,HOU,,CHI,
858,SFN,,STL,
859,ATL,,NYC,
860,OKC,,PHI,
861,LAP,,CIN,
862,SDT,,PIT,
863,WAS,,KCM,
864,CLE,,MIN,
865,BOS,,SEA,
866,NYS,,OAK,
867,DET,,LAA,
868,BKN,,DAL,
869,HOU,,CHI,
870,SFN,,STL,
871,ATL,,NYC,
872,OKC,,PHI,
873,LAP,,CIN,
874,SDT,,PIT,
875,PHI,,NYS,
876,NYC,,BOS,
877,PIT,,BKN,
878,CIN,,DET,
879,STL,,CLE,
880,CHI,,WAS,
881,HOU,,KCM,
882,SFN,,MIN,
883,ATL,,SEA,
884,OKC,,OAK,
885,LAP,,LAA,
886,SDT,,DAL,
887,PHI,,NYS,
888,NYC,,BOS,
889,PIT,,BKN,
890,CIN,,DET,
891,STL,,CLE,
892,CHI,,WAS,
893,HOU,,KCM,
894,SFN,,MIN,
895,ATL,,SEA,
896,OKC,,OAK,
897,LAP,,LAA,
898,SDT,,DAL,
899,PHI,,NYS,
900,NYC,,BOS,
901,PIT,,BKN,
902,CIN,,DET,
903,STL,,CLE,
904,CHI,,WAS,
905,HOU,,KCM,
906,SFN,,MIN,
907,ATL,,SEA,
908,OKC,,OAK,
909,LAP,,LAA,
910,SDT,,DAL,
911,NYS,,STL,
912,WAS,,CIN,
913,OAK,,SFN,
914,SEA,,HOU,
915,BOS,,CHI,
916,NYS,,STL,
917,DET,,NYC,
918,BKN,,PHI,
919,WAS,,CIN,
920,CLE,,PIT,
921,MIN,,SDT,
922,KCM,,LAP,
923,OAK,,SFN,
924,SEA,,HOU,
925,DAL,,OKC,
926,LAA,,ATL,
927,BOS,,CHI,
928,NYS,,STL,
929,DET,,NYC,
930,BKN,,PHI,
931,WAS,,CIN,
932,CLE,,PIT,
933,MIN,,SDT,
934,KCM,,LAP,
935,OAK,,SFN,
936,SEA,,HOU,
937,DAL,,OKC,
938,LAA,,ATL,
939,BOS,,CHI,
940,DET,,NYC,
941,BKN,,PHI,
942,CLE,,PIT,
943,MIN,,SDT,
944,KCM,,LAP,
945,DAL,,OKC,
946,LAA,,ATL,
947,BKN,,BOS,
948,DET,,CLE,
949,NYS,,WAS,
950,DAL,,KCM,
951,MIN,,SEA,
952,LAA,,OAK,
953,PIT,,CHI,
954,STL,,NYC,
955,CIN,,PHI,
956,SFN,,LAP,
957,HOU,,OKC,
958,SDT,,ATL,
959,BKN,,BOS,
960,DET,,CLE,
961,NYS,,WAS,
962,DAL,,KCM,
963,MIN,,SEA,
964,LAA,,OAK,
965,PIT,,CHI,
966,STL,,NYC,
967,CIN,,PHI,
968,SFN,,LAP,
969,HOU,,OKC,
970,SDT,,ATL,
971,BKN,,BOS,
972,DET,,CLE,
973,NYS,,WAS,
974,DAL,,KCM,
975,MIN,,SEA,
976,LAA,,OAK,
977,PIT,,CHI,
978,STL,,NYC,
979,CIN,,PHI,
980,SFN,,LAP,
981,HOU,,OKC,
982,SDT,,ATL,
983,NYS,,BOS,
984,BKN,,CLE,
985,DET,,WAS,
986,LAA,,SEA,
987,OAK,,DAL,
988,STL,,CHI,
989,CIN,,NYC,
990,PIT,,PHI,
991,ATL,,HOU,
992,SFN,,OKC,
993,NYS,,BOS,
994,BKN,,CLE,
995,DET,,WAS,
996,KCM,,MIN,
997,LAA,,SEA,
998,OAK,,DAL,
999,STL,,CHI,
1000,CIN,,NYC,
1001,PIT,,PHI,
1002,LAP,,SDT,
1003,ATL,,HOU,
1004,SFN,,OKC,
1005,BKN,,CLE,
1006,DET,,WAS,
1007,KCM,,MIN,
1008,LAA,,SEA,
1009,OAK,,DAL,
1010,CIN,,NYC,
1011,PIT,,PHI,
1012,LAP,,SDT,
1013,ATL,,HOU,
1014,SFN,,OKC,
1015,DET,,NYS,
1016,BOS,,CLE,
1017,BKN,,WAS,
1018,KCM,,MIN,
1019,DAL,,SEA,
1020,CIN,,STL,
1021,PIT,,NYC,
1022,CHI,,PHI,
1023,LAP,,SDT,
1024,SFN,,ATL,
1025,DET,,NYS,
1026,BOS,,CLE,
1027,BKN,,WAS,
1028,DAL,,SEA,
1029,KCM,,OAK,
1030,MIN,,LAA,
1031,CIN,,STL,
1032,PIT,,NYC,
1033,CHI,,PHI,
1034,HOU,,SDT,
1035,OKC,,LAP,
1036,SFN,,ATL,
1037,DET,,NYS,
1038,BOS,,CLE,
1039,BKN,,WAS,
1040,DAL,,SEA,
1041,KCM,,OAK,
1042,MIN,,LAA,
1043,CIN,,STL,
1044,PIT,,NYC,
1045,CHI,,PHI,
1046,HOU,,SDT,
1047,OKC,,LAP,
1048,SFN,,ATL,
1049,DET,,NYS,
1050,BOS,,CLE,
1051,BKN,,WAS,
1052,DAL,,SEA,
1053,KCM,,OAK,
1054,MIN,,LAA,
1055,CIN,,STL,
1056,PIT,,NYC,
1057,CHI,,PHI,
1058,HOU,,SDT,
1059,OKC,,LAP,
1060,SFN,,ATL,
1061,LAA,,BKN,
1062,DAL,,DET,
1063,KCM,,CLE,
1064,MIN,,WAS,
1065,CIN,,SDT,
1066,PIT,,LAP,
1067,NYC,,OKC,
1068,PHI,,ATL,
1069,LAA,,BKN,
1070,DAL,,DET,
1071,KCM,,CLE,
1072,MIN,,WAS,
1073,NYS,,SEA,
1074,BOS,,OAK,
1075,SFN,,CHI,
1076,HOU,,STL,
1077,CIN,,SDT,
1078,PIT,,LAP,
1079,NYC,,OKC,
1080,PHI,,ATL,
1081,LAA,,BKN,
1082,DAL,,DET,
1083,KCM,,CLE,
1084,MIN,,WAS,
1085,NYS,,SEA,
1086,BOS,,OAK,
1087,SFN,,CHI,
1088,HOU,,STL,
1089,CIN,,SDT,
1090,PIT,,LAP,
1091,NYC,,OKC,
1092,PHI,,ATL,
1093,LAA,,BKN,
1094,DAL,,DET,
1095,KCM,,CLE,
1096,MIN,,WAS,
1097,NYS,,SEA,
1098,BOS,,OAK,
1099,SFN,,CHI,
1100,HOU,,STL,
1101,CIN,,SDT,
1102,PIT,,LAP,
1103,NYC,,OKC,
1104,PHI,,ATL,
1105,SEA,,BKN,
1106,NYS,,KCM,
1107,DET,,OAK,
1108,CLE,,LAA,
1109,SDT,,CHI,
1110,LAP,,STL,
1111,HOU,,PHI,
1112,OKC,,CIN,
1113,NYC,,SFN,
1114,SEA,,BKN,
1115,NYS,,KCM,
1116,BOS,,MIN,
1117,DET,,OAK,
1118,CLE,,LAA,
1119,WAS,,DAL,
1120,SDT,,CHI,
1121,LAP,,STL,
1122,HOU,,PHI,
1123,OKC,,CIN,
1124,ATL,,PIT,
1125,NYC,,SFN,
1126,SEA,,BKN,
1127,NYS,,KCM,
1128,BOS,,MIN,
1129,DET,,OAK,
1130,CLE,,LAA,
1131,WAS,,DAL,
1132,SDT,,CHI,
1133,LAP,,STL,
1134,HOU,,PHI,
1135,OKC,,CIN,
1136,ATL,,PIT,
1137,NYC,,SFN,
1138,SEA,,BKN,
1139,BOS,,MIN,
1140,WAS,,DAL,
1141,ATL,,PIT,
1142,NYC,,SFN,
1143,WAS,,NYS,
1144,BOS,,BKN,
1145,CLE,,DET,
1146,SEA,,MIN,
1147,OAK,,LAA,
1148,KCM,,DAL,
1149,NYC,,STL,
1150,PHI,,CIN,
1151,CHI,,PIT,
1152,ATL,,SDT,
1153,LAP,,SFN,
1154,OKC,,HOU,
1155,WAS,,NYS,
1156,BOS,,BKN,
1157,CLE,,DET,
1158,SEA,,MIN,
1159,OAK,,LAA,
1160,KCM,,DAL,
1161,NYC,,STL,
1162,PHI,,CIN,
1163,CHI,,PIT,
1164,ATL,,SDT,
1165,LAP,,SFN,
1166,OKC,,HOU,
1167,WAS,,NYS,
1168,BOS,,BKN,
1169,CLE,,DET,
1170,SEA,,MIN,
1171,OAK,,LAA,
1172,KCM,,DAL,
1173,NYC,,STL,
1174,PHI,,CIN,
1175,CHI,,PIT,
1176,ATL,,SDT,
1177,LAP,,SFN,
1178,OKC,,HOU,
1179,CLE,,NYS,
1180,WAS,,BOS,
1181,KCM,,LAA,
1182,MIN,,DAL,
1183,CHI,,CIN,
1184,STL,,PIT,
1185,OKC,,SDT,
1186,ATL,,LAP,
1187,SFN,,HOU,
1188,CLE,,NYS,
1189,WAS,,BOS,
1190,BKN,,DET,
1191,OAK,,SEA,
1192,KCM,,LAA,
1193,MIN,,DAL,
1194,PHI,,NYC,
1195,CHI,,CIN,
1196,STL,,PIT,
1197,OKC,,SDT,
1198,ATL,,LAP,
1199,SFN,,HOU,
1200,CLE,,NYS,
1201,WAS,,BOS,
1202,BKN,,DET,
1203,OAK,,SEA,
1204,KCM,,LAA,
1205,MIN,,DAL,
1206,PHI,,NYC,
1207,CHI,,CIN,
1208,STL,,PIT,
1209,OKC,,SDT,
1210,ATL,,LAP,
1211,SFN,,HOU,
1212,CLE,,NYS,
1213,WAS,,BOS,
1214,BKN,,DET,
1215,OAK,,SEA,
1216,KCM,,LAA,
1217,MIN,,DAL,
1218,PHI,,NYC,
1219,CHI,,CIN,
1220,STL,,PIT,
1221,OKC,,SDT,
1222,ATL,,LAP,
1223,CIN,,NYS,
1224,PIT,,BOS,
1225,CHI,,BKN,
1226,STL,,DET,
1227,NYC,,CLE,
1228,PHI,,WAS,
1229,OKC,,KCM,
1230,ATL,,MIN,
1231,SDT,,SEA,
1232,LAP,,OAK,
1233,SFN,,LAA,
1234,HOU,,DAL,
1235,CIN,,NYS,
1236,PIT,,BOS,
1237,CHI,,BKN,
1238,STL,,DET,
1239,NYC,,CLE,
1240,PHI,,WAS,
1241,OKC,,KCM,
1242,ATL,,MIN,
1243,SDT,,SEA,
1244,LAP,,OAK,
1245,SFN,,LAA,
1246,HOU,,DAL,
1247,CIN,,NYS,
1248,PIT,,BOS,
1249,CHI,,BKN,
1250,STL,,DET,
1251,NYC,,CLE,
1252,PHI,,WAS,
1253,OKC,,KCM,
1254,ATL,,MIN,
1255,SDT,,SEA,
1256,LAP,,OAK,
1257,SFN,,LAA,
1258,HOU,,DAL,
1259,WAS,,CHI,
1260,CLE,,STL,
1261,BOS,,NYC,
1262,NYS,,PHI,
1263,DET,,CIN,
1264,DAL,,SDT,
1265,MIN,,SFN,
1266,KCM,,HOU,
1267,OAK,,OKC,
1268,SEA,,ATL,
1269,WAS,,CHI,
1270,CLE,,STL,
1271,BOS,,NYC,
1272,NYS,,PHI,
1273,DET,,CIN,
1274,BKN,,PIT,
1275,DAL,,SDT,
1276,LAA,,LAP,
1277,MIN,,SFN,
1278,KCM,,HOU,
1279,OAK,,OKC,
1280,SEA,,ATL,
1281,WAS,,CHI,
1282,CLE,,STL,
1283,BOS,,NYC,
1284,NYS,,PHI,
1285,DET,,CIN,
1286,BKN,,PIT,
1287,DAL,,SDT,
1288,LAA,,LAP,
1289,MIN,,SFN,
1290,KCM,,HOU,
1291,OAK,,OKC,
1292,SEA,,ATL,
1293,NYS,,DET,
1294,BOS,,CLE,
1295,OAK,,KCM,
1296,DAL,,SEA,
1297,PHI,,CHI,
1298,CIN,,STL,
1299,BKN,,PIT,
1300,LAA,,LAP,
1301,SDT,,HOU,
1302,SFN,,ATL,
1303,WAS,,BKN,
1304,NYS,,DET,
1305,BOS,,CLE,
1306,OAK,,KCM,
1307,DAL,,SEA,
1308,MIN,,LAA,
1309,PHI,,CHI,
1310,CIN,,STL,
1311,NYC,,PIT,
1312,OKC,,LAP,
1313,SDT,,HOU,
1314,SFN,,ATL,
1315,WAS,,BKN,
1316,NYS,,DET,
1317,BOS,,CLE,
1318,OAK,,KCM,
1319,DAL,,SEA,
1320,MIN,,LAA,
1321,PHI,,CHI,
1322,CIN,,STL,
1323,NYC,,PIT,
1324,OKC,,LAP,
1325,SDT,,HOU,
1326,SFN,,ATL,
1327,WAS,,BKN,
1328,NYS,,DET,
1329,BOS,,CLE,
1330,OAK,,KCM,
1331,DAL,,SEA,
1332,MIN,,LAA,
1333,PHI,,CHI,
1334,CIN,,STL,
1335,NYC,,PIT,
1336,OKC,,LAP,
1337,SDT,,HOU,
1338,SFN,,ATL,
1339,CLE,,BKN,
1340,SEA,,LAA,
1341,CHI,,STL,
1342,NYC,,CIN,
1343,SDT,,LAP,
1344,OKC,,SFN,
1345,BOS,,NYS,
1346,CLE,,BKN,
1347,WAS,,DET,
1348,MIN,,KCM,
1349,SEA,,LAA,
1350,OAK,,DAL,
1351,CHI,,STL,
1352,NYC,,CIN,
1353,PHI,,PIT,
1354,SDT,,LAP,
1355,OKC,,SFN,
1356,ATL,,HOU,
1357,BOS,,NYS,
1358,CLE,,BKN,
1359,WAS,,DET,
1360,MIN,,KCM,
1361,SEA,,LAA,
1362,OAK,,DAL,
1363,NYC,,CIN,
1364,PHI,,PIT,
1365,SDT,,LAP,
1366,OKC,,SFN,
1367,ATL,,HOU,
1368,SEA,,NYS,
1369,OAK,,BOS,
1370,MIN,,KCM,
1371,CHI,,SFN,
1372,STL,,HOU,
1373,SEA,,NYS,
1374,OAK,,BOS,
1375,CLE,,KCM,
1376,WAS,,MIN,
1377,BKN,,LAA,
1378,DET,,DAL,
1379,OKC,,NYC,
1380,ATL,,PHI,
1381,SDT,,CIN,
1382,LAP,,PIT,
1383,CHI,,SFN,
1384,STL,,HOU,
1385,SEA,,NYS,
1386,OAK,,BOS,
1387,CLE,,KCM,
1388,WAS,,MIN,
1389,BKN,,LAA,
1390,DET,,DAL,
1391,OKC,,NYC,
1392,ATL,,PHI,
1393,SDT,,CIN,
1394,LAP,,PIT,
1395,CHI,,SFN,
1396,STL,,HOU,
1397,SEA,,NYS,
1398,OAK,,BOS,
1399,CLE,,KCM,
1400,WAS,,MIN,
1401,BKN,,LAA,
1402,DET,,DAL,
1403,OKC,,NYC,
1404,ATL,,PHI,
1405,SDT,,CIN,
1406,LAP,,PIT,
1407,CHI,,SFN,
1408,STL,,HOU,
1409,DAL,,NYS,
1410,DET,,KCM,
1411,BKN,,MIN,
1412,CLE,,OAK,
1413,BOS,,LAA,
1414,OKC,,STL,
1415,LAP,,NYC,
1416,SDT,,PHI,
1417,HOU,,CIN,
1418,PIT,,SFN,
1419,DAL,,NYS,
1420,SEA,,WAS,
1421,DET,,KCM,
1422,BKN,,MIN,
1423,CLE,,OAK,
1424,BOS,,LAA,
1425,OKC,,STL,
1426,LAP,,NYC,
1427,SDT,,PHI,
1428,HOU,,CIN,
1429,PIT,,SFN,
1430,CHI,,ATL,
1431,DAL,,NYS,
1432,SEA,,WAS,
1433,DET,,KCM,
1434,BKN,,MIN,
1435,CLE,,OAK,
1436,BOS,,LAA,
1437,OKC,,STL,
1438,LAP,,NYC,
1439,SDT,,PHI,
1440,HOU,,CIN,
1441,PIT,,SFN,
1442,CHI,,ATL,
1443,SEA,,WAS,
1444,DET,,KCM,
1445,BKN,,MIN,
1446,CLE,,OAK,
1447,BOS,,LAA,
1448,OKC,,STL,
1449,LAP,,NYC,
1450,SDT,,PHI,
1451,HOU,,CIN,
1452,CHI,,ATL,
1453,DET,,CHI,
1454,BKN,,STL,
1455,WAS,,NYC,
1456,CLE,,PHI,
1457,BOS,,CIN,
1458,NYS,,PIT,
1459,OAK,,SDT,
1460,SEA,,LAP,
1461,DAL,,SFN,
1462,LAA,,HOU,
1463,MIN,,OKC,
1464,KCM,,ATL,
1465,DET,,CHI,
1466,BKN,,STL,
1467,WAS,,NYC,
1468,CLE,,PHI,
1469,BOS,,CIN,
1470,NYS,,PIT,
1471,OAK,,SDT,
1472,SEA,,LAP,
1473,DAL,,SFN,
1474,LAA,,HOU,
1475,MIN,,OKC,
1476,KCM,,ATL,
1477,DET,,CHI,
1478,BKN,,STL,
1479,WAS,,NYC,
1480,CLE,,PHI,
1481,BOS,,CIN,
1482,NYS,,PIT,
1483,OAK,,SDT,
1484,SEA,,LAP,
1485,DAL,,SFN,
1486,LAA,,HOU,
1487,MIN,,OKC,
1488,KCM,,ATL,
1489,NYC,,NYS,
1490,PHI,,BOS,
1491,CIN,,BKN,
1492,PIT,,DET,
1493,CHI,,CLE,
1494,STL,,WAS,
1495,HOU,,MIN,
1496,OKC,,SEA,
1497,ATL,,OAK,
1498,SDT,,LAA,
1499,LAP,,DAL,
1500,NYC,,NYS,
1501,PHI,,BOS,
1502,CIN,,BKN,
1503,PIT,,DET,
1504,CHI,,CLE,
1505,STL,,WAS,
1506,SFN,,KCM,
1507,HOU,,MIN,
1508,OKC,,SEA,
1509,ATL,,OAK,
1510,SDT,,LAA,
1511,LAP,,DAL,
1512,NYC,,NYS,
1513,PHI,,BOS,
1514,CIN,,BKN,
1515,PIT,,DET,
1516,CHI,,CLE,
1517,STL,,WAS,
1518,SFN,,KCM,
1519,HOU,,MIN,
1520,OKC,,SEA,
1521,ATL,,OAK,
1522,SDT,,LAA,
1523,LAP,,DAL,
1524,BKN,,NYS,
1525,DET,,BOS,
1526,WAS,,CLE,
1527,SFN,,KCM,
1528,LAA,,DAL,
1529,CHI,,NYC,
1530,STL,,PHI,
1531,CIN,,PIT,
1532,ATL,,OKC,
1533,BKN,,NYS,
1534,DET,,BOS,
1535,WAS,,CLE,
1536,SEA,,KCM,
1537,OAK,,MIN,
1538,LAA,,DAL,
1539,CHI,,NYC,
1540,STL,,PHI,
1541,CIN,,PIT,
1542,SDT,,SFN,
1543,LAP,,HOU,
1544,ATL,,OKC,
1545,BKN,,NYS,
1546,DET,,BOS,
1547,WAS,,CLE,
1548,SEA,,KCM,
1549,OAK,,MIN,
1550,LAA,,DAL,
1551,CHI,,NYC,
1552,STL,,PHI,
1553,CIN,,PIT,
1554,SDT,,SFN,
1555,LAP,,HOU,
1556,ATL,,OKC,
1557,BKN,,NYS,
1558,DET,,BOS,
1559,WAS,,CLE,
1560,SEA,,KCM,
1561,OAK,,MIN,
1562,LAA,,DAL,
1563,CHI,,NYC,
1564,STL,,PHI,
1565,CIN,,PIT,
1566,SDT,,SFN,
1567,LAP,,HOU,
1568,ATL,,OKC,
1569,KCM,,MIN,
1570,OAK,,DAL,
1571,LAP,,SDT,
1572,ATL,,HOU,
1573,SFN,,OKC,
1574,BOS,,NYS,
1575,BKN,,CLE,
1576,DET,,WAS,
1577,KCM,,MIN,
1578,LAA,,SEA,
1579,OAK,,DAL,
1580,CHI,,STL,
1581,CIN,,NYC,
1582,PIT,,PHI,
1583,LAP,,SDT,
1584,ATL,,HOU,
1585,SFN,,OKC,
1586,BOS,,NYS,
1587,BKN,,CLE,
1588,DET,,WAS,
1589,KCM,,MIN,
1590,LAA,,SEA,
1591,OAK,,DAL,
1592,CHI,,STL,
1593,CIN,,NYC,
1594,PIT,,PHI,
1595,LAP,,SDT,
1596,ATL,,HOU,
1597,BOS,,NYS,
1598,DET,,BKN,
1599,SEA,,OAK,
1600,KCM,,LAA,
1601,CHI,,STL,
1602,NYC,,PHI,
1603,OKC,,SDT,
1604,HOU,,SFN,
1605,DET,,BKN,
1606,NYS,,CLE,
1607,BOS,,WAS,
1608,DAL,,MIN,
1609,SEA,,OAK,
1610,KCM,,LAA,
1611,CIN,,CHI,
1612,PIT,,STL,
1613,NYC,,PHI,
1614,OKC,,SDT,
1615,HOU,,SFN,
1616,LAP,,ATL,
1617,DET,,BKN,
1618,NYS,,CLE,
1619,BOS,,WAS,
1620,DAL,,MIN,
1621,SEA,,OAK,
1622,KCM,,LAA,
1623,CIN,,CHI,
1624,PIT,,STL,
1625,NYC,,PHI,
1626,OKC,,SDT,
1627,HOU,,SFN,
1628,LAP,,ATL,
1629,DET,,BKN,
1630,NYS,,CLE,
1631,BOS,,WAS,
1632,DAL,,MIN,
1633,SEA,,OAK,
1634,KCM,,LAA,
1635,CIN,,CHI,
1636,PIT,,STL,
1637,NYC,,PHI,
1638,OKC,,SDT,
1639,HOU,,SFN,
1640,LAP,,ATL,
1641,WAS,,NYS,
1642,SEA,,MIN,
1643,LAA,,OAK,
1644,NYC,,STL,
1645,CHI,,PIT,
1646,HOU,,OKC,
1647,WAS,,NYS,
1648,BOS,,BKN,
1649,CLE,,DET,
1650,DAL,,KCM,
1651,SEA,,MIN,
1652,LAA,,OAK,
1653,NYC,,STL,
1654,PHI,,CIN,
1655,CHI,,PIT,
1656,LAP,,SFN,
1657,HOU,,OKC,
1658,SDT,,ATL,
1659,WAS,,NYS,
1660,BOS,,BKN,
1661,CLE,,DET,
1662,DAL,,KCM,
1663,LAA,,OAK,
1664,PHI,,CIN,
1665,CHI,,PIT,
1666,LAP,,SFN,
1667,HOU,,OKC,
1668,SDT,,ATL,
1669,LAA,,NYS,
1670,DAL,,BOS,
1671,KCM,,BKN,
1672,MIN,,DET,
1673,SEA,,CLE,
1674,OAK,,WAS,
1675,NYC,,SDT,
1676,PHI,,LAP,
1677,CIN,,SFN,
1678,PIT,,HOU,
1679,CHI,,OKC,
1680,STL,,ATL,
1681,LAA,,NYS,
1682,DAL,,BOS,
1683,KCM,,BKN,
1684,MIN,,DET,
1685,SEA,,CLE,
1686,OAK,,WAS,
1687,NYC,,SDT,
1688,PHI,,LAP,
1689,CIN,,SFN,
1690,PIT,,HOU,
1691,CHI,,OKC,
1692,STL,,ATL,
1693,LAA,,NYS,
1694,DAL,,BOS,
1695,KCM,,BKN,
1696,MIN,,DET,
1697,SEA,,CLE,
1698,OAK,,WAS,
1699,NYC,,SDT,
1700,PHI,,LAP,
1701,CIN,,SFN,
1702,PIT,,HOU,
1703,CHI,,OKC,
1704,STL,,ATL,
1705,LAA,,NYS,
1706,DAL,,BOS,
1707,KCM,,BKN,
1708,MIN,,DET,
1709,SEA,,CLE,
1710,OAK,,WAS,
1711,NYC,,SDT,
1712,PHI,,LAP,
1713,CIN,,SFN,
1714,PIT,,HOU,
1715,CHI,,OKC,
1716,STL,,ATL,
1717,MIN,,NYS,
1718,OAK,,BKN,
1719,DAL,,CLE,
1720,LAA,,WAS,
1721,DET,,SEA,
1722,SFN,,PHI,
1723,CHI,,LAP,
1724,NYC,,HOU,
1725,PIT,,OKC,
1726,CIN,,ATL,
1727,MIN,,NYS,
1728,KCM,,BOS,
1729,OAK,,BKN,
1730,DAL,,CLE,
1731,LAA,,WAS,
1732,DET,,SEA,
1733,SFN,,PHI,
1734,STL,,SDT,
1735,CHI,,LAP,
1736,NYC,,HOU,
1737,PIT,,OKC,
1738,CIN,,ATL,
1739,MIN,,NYS,
1740,KCM,,BOS,
1741,OAK,,BKN,
1742,DAL,,CLE,
1743,LAA,,WAS,
1744,DET,,SEA,
1745,SFN,,PHI,
1746,STL,,SDT,
1747,CHI,,LAP,
1748,NYC,,HOU,
1749,PIT,,OKC,
1750,CIN,,ATL,
1751,KCM,,BOS,
1752,BKN,,WAS,
1753,LAA,,MIN,
1754,DET,,SEA,
1755,PIT,,NYC,
1756,SFN,,PHI,
1757,STL,,SDT,
1758,LAP,,OKC,
1759,DET,,NYS,
1760,CLE,,BOS,
1761,BKN,,WAS,
1762,LAA,,MIN,
1763,KCM,,OAK,
1764,SEA,,DAL,
1765,PIT,,NYC,
1766,CHI,,PHI,
1767,STL,,CIN,
1768,HOU,,SDT,
1769,ATL,,SFN,
1770,LAP,,OKC,
1771,DET,,NYS,
1772,CLE,,BOS,
1773,BKN,,WAS,
1774,LAA,,MIN,
1775,KCM,,OAK,
1776,SEA,,DAL,
1777,PIT,,NYC,
1778,CHI,,PHI,
1779,STL,,CIN,
1780,HOU,,SDT,
1781,ATL,,SFN,
1782,LAP,,OKC,
1783,DET,,NYS,
1784,CLE,,BOS,
1785,BKN,,WAS,
1786,LAA,,MIN,
1787,KCM,,OAK,
1788,SEA,,DAL,
1789,PIT,,NYC,
1790,CHI,,PHI,
1791,STL,,CIN,
1792,HOU,,SDT,
1793,ATL,,SFN,
1794,LAP,,OKC,
1795,NYS,,BOS,
1796,DAL,,OAK,
1797,PHI,,PIT,
1798,HOU,,ATL,
1799,NYS,,BOS,
1800,CLE,,BKN,
1801,WAS,,DET,
1802,MIN,,KCM,
1803,DAL,,OAK,
1804,SEA,,LAA,
1805,STL,,CHI,
1806,NYC,,CIN,
1807,PHI,,PIT,
1808,SDT,,LAP,
1809,OKC,,SFN,
1810,HOU,,ATL,
1811,NYS,,BOS,
1812,CLE,,BKN,
1813,WAS,,DET,
1814,MIN,,KCM,
1815,DAL,,OAK,
1816,SEA,,LAA,
1817,STL,,CHI,
1818,NYC,,CIN,
1819,PHI,,PIT,
1820,SDT,,LAP,
1821,OKC,,SFN,
1822,HOU,,ATL,
1823,CLE,,BKN,
1824,WAS,,DET,
1825,MIN,,OAK,
1826,SEA,,LAA,
1827,STL,,CHI,
1828,NYC,,CIN,
1829,HOU,,LAP,
1830,OKC,,SFN,
1831,NYS,,BKN,
1832,BOS,,DET,
1833,CLE,,WAS,
1834,SEA,,KCM,
1835,MIN,,OAK,
1836,DAL,,LAA,
1837,NYC,,CHI,
1838,PHI,,STL,
1839,PIT,,CIN,
1840,HOU,,LAP,
1841,SDT,,SFN,
1842,OKC,,ATL,
1843,NYS,,BKN,
1844,BOS,,DET,
1845,CLE,,WAS,
1846,SEA,,KCM,
1847,MIN,,OAK,
1848,DAL,,LAA,
1849,NYC,,CHI,
1850,PHI,,STL,
1851,PIT,,CIN,
1852,HOU,,LAP,
1853,SDT,,SFN,
1854,OKC,,ATL,
1855,NYS,,BKN,
1856,BOS,,DET,
1857,CLE,,WAS,
1858,SEA,,KCM,
1859,MIN,,OAK,
1860,DAL,,LAA,
1861,NYC,,CHI,
1862,PHI,,STL,
1863,PIT,,CIN,
1864,HOU,,LAP,
1865,SDT,,SFN,
1866,OKC,,ATL,
1867,BKN,,BOS,
1868,DET,,CLE,
1869,NYS,,WAS,
1870,MIN,,SEA,
1871,OAK,,LAA,
1872,KCM,,DAL,
1873,STL,,NYC,
1874,CIN,,PHI,
1875,ATL,,SDT,
1876,SFN,,LAP,
1877,BKN,,BOS,
1878,DET,,CLE,
1879,NYS,,WAS,
1880,MIN,,SEA,
1881,OAK,,LAA,
1882,KCM,,DAL,
1883,PIT,,CHI,
1884,STL,,NYC,
1885,CIN,,PHI,
1886,ATL,,SDT,
1887,SFN,,LAP,
1888,OKC,,HOU,
1889,BKN,,BOS,
1890,DET,,CLE,
1891,MIN,,SEA,
1892,KCM,,DAL,
1893,PIT,,CHI,
1894,STL,,NYC,
1895,CIN,,PHI,
1896,ATL,,SDT,
1897,SFN,,LAP,
1898,OKC,,HOU,
1899,WAS,,BOS,
1900,NYS,,CLE,
1901,LAA,,KCM,
1902,OAK,,SEA,
1903,MIN,,DAL,
1904,CIN,,CHI,
1905,STL,,PIT,
1906,ATL,,LAP,
1907,SFN,,HOU,
1908,SDT,,OKC,
1909,WAS,,BOS,
1910,BKN,,DET,
1911,NYS,,CLE,
1912,LAA,,KCM,
1913,OAK,,SEA,
1914,MIN,,DAL,
1915,CIN,,CHI,
1916,PHI,,NYC,
1917,STL,,PIT,
1918,ATL,,LAP,
1919,SFN,,HOU,
1920,SDT,,OKC,
1921,WAS,,BOS,
1922,BKN,,DET,
1923,NYS,,CLE,
1924,LAA,,KCM,
1925,OAK,,SEA,
1926,MIN,,DAL,
1927,CIN,,CHI,
1928,PHI,,NYC,
1929,STL,,PIT,
1930,ATL,,LAP,
1931,SFN,,HOU,
1932,SDT,,OKC,
1933,WAS,,BOS,
1934,BKN,,DET,
1935,NYS,,CLE,
1936,LAA,,KCM,
1937,OAK,,SEA,
1938,MIN,,DAL,
1939,CIN,,CHI,
1940,PHI,,NYC,
1941,STL,,PIT,
1942,ATL,,LAP,
1943,SFN,,HOU,
1944,SDT,,OKC,
