GAME_NUMBER,AWAY,AWAY SCORE,HOME,HOME SCORE
1,DET,,ORL,
2,MIN,,KCM,
3,ATL,,PIT,
4,LAP,,PHX,
5,NYS,,BOS,
6,BAL,,CLE,
7,DET,,ORL,
8,MIL,,IND,
9,OAK,,SEA,
10,CHR,,LAA,
11,MIN,,KCM,
12,DAL,,HOU,
13,PHI,,NYC,
14,WAS,,BKN,
15,ATL,,PIT,
16,MIA,,CIN,
17,CHC,,STL,
18,OKC,,COL,
19,LAP,,PHX,
20,SFN,,SDT,
21,NYS,,BOS,
22,BAL,,CLE,
23,DET,,ORL,
24,MIL,,IND,
25,OAK,,SEA,
26,CHR,,LAA,
27,MIN,,KCM,
28,DAL,,HOU,
29,PHI,,NYC,
30,WAS,,BKN,
31,ATL,,PIT,
32,MIA,,CIN,
33,CHC,,STL,
34,OKC,,COL,
35,LAP,,PHX,
36,SFN,,SDT,
37,DET,,ORL,
38,MIN,,KCM,
39,ATL,,PIT,
40,LAP,,PHX,
41,BOS,,BAL,
42,NYS,,CLE,
43,ORL,,IND,
44,DET,,MIL,
45,CHR,,SEA,
46,LAA,,OAK,
47,MIN,,DAL,
48,KCM,,HOU,
49,WAS,,NYC,
50,BKN,,PHI,
51,CIN,,PIT,
52,MIA,,ATL,
53,STL,,OKC,
54,CHC,,COL,
55,SFN,,LAP,
56,SDT,,PHX,
57,BOS,,BAL,
58,NYS,,CLE,
59,ORL,,IND,
60,DET,,MIL,
61,CHR,,SEA,
62,LAA,,OAK,
63,MIN,,DAL,
64,KCM,,HOU,
65,WAS,,NYC,
66,BKN,,PHI,
67,CIN,,PIT,
68,MIA,,ATL,
69,STL,,OKC,
70,CHC,,COL,
71,SFN,,LAP,
72,SDT,,PHX,
73,BOS,,BAL,
74,NYS,,CLE,
75,ORL,,IND,
76,DET,,MIL,
77,CHR,,SEA,
78,LAA,,OAK,
79,MIN,,DAL,
80,KCM,,HOU,
81,WAS,,NYC,
82,BKN,,PHI,
83,CIN,,PIT,
84,MIA,,ATL,
85,STL,,OKC,
86,CHC,,COL,
87,SFN,,LAP,
88,SDT,,PHX,
89,IND,,BAL,
90,NYS,,DET,
91,BOS,,ORL,
92,CLE,,MIL,
93,KCM,,SEA,
94,MIN,,OAK,
95,DAL,,LAA,
96,HOU,,CHR,
97,PIT,,NYC,
98,ATL,,PHI,
99,CIN,,WAS,
100,BKN,,MIA,
101,CHC,,LAP,
102,STL,,PHX,
103,OKC,,SDT,
104,COL,,SFN,
105,IND,,BAL,
106,NYS,,DET,
107,BOS,,ORL,
108,CLE,,MIL,
109,KCM,,SEA,
110,MIN,,OAK,
111,DAL,,LAA,
112,HOU,,CHR,
113,PIT,,NYC,
114,ATL,,PHI,
115,CIN,,WAS,
116,BKN,,MIA,
117,CHC,,LAP,
118,STL,,PHX,
119,OKC,,SDT,
120,COL,,SFN,
121,IND,,BAL,
122,NYS,,DET,
123,BOS,,ORL,
124,CLE,,MIL,
125,KCM,,SEA,
126,MIN,,OAK,
127,DAL,,LAA,
128,HOU,,CHR,
129,PIT,,NYC,
130,ATL,,PHI,
131,CIN,,WAS,
132,BKN,,MIA,
133,CHC,,LAP,
134,STL,,PHX,
135,OKC,,SDT,
136,COL,,SFN,
137,CHR,,NYS,
138,LAA,,BOS,
139,KCM,,CLE,
140,HOU,,DET,
141,DAL,,ORL,
142,OAK,,IND,
143,MIA,,STL,
144,PHI,,OKC,
145,NYC,,COL,
146,WAS,,LAP,
147,ATL,,SDT,
148,PIT,,SFN,
149,CHR,,NYS,
150,LAA,,BOS,
151,KCM,,CLE,
152,HOU,,DET,
153,DAL,,ORL,
154,OAK,,IND,
155,MIL,,SEA,
156,BAL,,MIN,
157,PHX,,BKN,
158,CHC,,CIN,
159,MIA,,STL,
160,PHI,,OKC,
161,NYC,,COL,
162,WAS,,LAP,
163,ATL,,SDT,
164,PIT,,SFN,
165,CHR,,NYS,
166,LAA,,BOS,
167,KCM,,CLE,
168,HOU,,DET,
169,DAL,,ORL,
170,OAK,,IND,
171,MIL,,SEA,
172,BAL,,MIN,
173,PHX,,BKN,
174,CHC,,CIN,
175,MIA,,STL,
176,PHI,,OKC,
177,NYC,,COL,
178,WAS,,LAP,
179,ATL,,SDT,
180,PIT,,SFN,
181,CHR,,NYS,
182,LAA,,BOS,
183,KCM,,CLE,
184,HOU,,DET,
185,DAL,,ORL,
186,OAK,,IND,
187,MIL,,SEA,
188,BAL,,MIN,
189,PHX,,BKN,
190,CHC,,CIN,
191,MIA,,STL,
192,PHI,,OKC,
193,NYC,,COL,
194,WAS,,LAP,
195,ATL,,SDT,
196,PIT,,SFN,
197,NYC,,CHC,
198,PHI,,STL,
199,BKN,,OKC,
200,WAS,,COL,
201,PIT,,LAP,
202,MIA,,SDT,
203,CIN,,SFN,
204,SEA,,NYS,
205,OAK,,BOS,
206,LAA,,BAL,
207,CHR,,CLE,
208,KCM,,DET,
209,MIN,,ORL,
210,DAL,,IND,
211,HOU,,MIL,
212,NYC,,CHC,
213,PHI,,STL,
214,BKN,,OKC,
215,WAS,,COL,
216,PIT,,LAP,
217,ATL,,PHX,
218,MIA,,SDT,
219,CIN,,SFN,
220,SEA,,NYS,
221,OAK,,BOS,
222,LAA,,BAL,
223,CHR,,CLE,
224,KCM,,DET,
225,MIN,,ORL,
226,DAL,,IND,
227,HOU,,MIL,
228,NYC,,CHC,
229,PHI,,STL,
230,BKN,,OKC,
231,WAS,,COL,
232,PIT,,LAP,
233,ATL,,PHX,
234,MIA,,SDT,
235,CIN,,SFN,
236,SEA,,NYS,
237,OAK,,BOS,
238,LAA,,BAL,
239,CHR,,CLE,
240,KCM,,DET,
241,MIN,,ORL,
242,DAL,,IND,
243,HOU,,MIL,
244,ATL,,PHX,
245,PHI,,NYS,
246,BKN,,BOS,
247,WAS,,BAL,
248,PIT,,CLE,
249,ATL,,DET,
250,MIA,,ORL,
251,CIN,,IND,
252,NYC,,MIL,
253,STL,,SEA,
254,OKC,,OAK,
255,COL,,LAA,
256,LAP,,CHR,
257,PHX,,KCM,
258,SDT,,MIN,
259,SFN,,DAL,
260,CHC,,HOU,
261,PHI,,NYS,
262,BKN,,BOS,
263,WAS,,BAL,
264,PIT,,CLE,
265,ATL,,DET,
266,MIA,,ORL,
267,CIN,,IND,
268,NYC,,MIL,
269,STL,,SEA,
270,OKC,,OAK,
271,COL,,LAA,
272,LAP,,CHR,
273,PHX,,KCM,
274,SDT,,MIN,
275,SFN,,DAL,
276,CHC,,HOU,
277,PHI,,NYS,
278,BKN,,BOS,
279,WAS,,BAL,
280,PIT,,CLE,
281,ATL,,DET,
282,MIA,,ORL,
283,CIN,,IND,
284,NYC,,MIL,
285,STL,,SEA,
286,OKC,,OAK,
287,COL,,LAA,
288,LAP,,CHR,
289,PHX,,KCM,
290,SDT,,MIN,
291,SFN,,DAL,
292,CHC,,HOU,
293,OAK,,STL,
294,NYS,,NYC,
295,BOS,,PHI,
296,BAL,,BKN,
297,CLE,,WAS,
298,DET,,PIT,
299,ORL,,ATL,
300,IND,,MIA,
301,MIL,,CIN,
302,SEA,,CHC,
303,OAK,,STL,
304,LAA,,OKC,
305,CHR,,COL,
306,KCM,,LAP,
307,MIN,,PHX,
308,DAL,,SDT,
309,HOU,,SFN,
310,NYS,,NYC,
311,BOS,,PHI,
312,BAL,,BKN,
313,CLE,,WAS,
314,DET,,PIT,
315,ORL,,ATL,
316,IND,,MIA,
317,MIL,,CIN,
318,SEA,,CHC,
319,OAK,,STL,
320,LAA,,OKC,
321,CHR,,COL,
322,KCM,,LAP,
323,MIN,,PHX,
324,DAL,,SDT,
325,HOU,,SFN,
326,NYS,,NYC,
327,BOS,,PHI,
328,BAL,,BKN,
329,CLE,,WAS,
330,DET,,PIT,
331,ORL,,ATL,
332,IND,,MIA,
333,MIL,,CIN,
334,SEA,,CHC,
335,LAA,,OKC,
336,CHR,,COL,
337,KCM,,LAP,
338,MIN,,PHX,
339,DAL,,SDT,
340,HOU,,SFN,
341,BOS,,DET,
342,NYS,,ORL,
343,CLE,,IND,
344,BAL,,MIL,
345,KCM,,OAK,
346,HOU,,LAA,
347,DAL,,CHR,
348,SEA,,MIN,
349,ATL,,NYC,
350,PIT,,PHI,
351,CIN,,BKN,
352,MIA,,WAS,
353,PHX,,CHC,
354,STL,,LAP,
355,COL,,SDT,
356,OKC,,SFN,
357,BOS,,DET,
358,NYS,,ORL,
359,CLE,,IND,
360,BAL,,MIL,
361,KCM,,OAK,
362,HOU,,LAA,
363,DAL,,CHR,
364,SEA,,MIN,
365,ATL,,NYC,
366,PIT,,PHI,
367,CIN,,BKN,
368,MIA,,WAS,
369,PHX,,CHC,
370,STL,,LAP,
371,COL,,SDT,
372,OKC,,SFN,
373,BOS,,DET,
374,NYS,,ORL,
375,CLE,,IND,
376,BAL,,MIL,
377,KCM,,OAK,
378,HOU,,LAA,
379,DAL,,CHR,
380,SEA,,MIN,
381,ATL,,NYC,
382,PIT,,PHI,
383,CIN,,BKN,
384,MIA,,WAS,
385,PHX,,CHC,
386,STL,,LAP,
387,COL,,SDT,
388,OKC,,SFN,
389,BAL,,NYS,
390,CLE,,BOS,
391,DET,,IND,
392,ORL,,MIL,
393,SEA,,LAA,
394,OAK,,CHR,
395,HOU,,MIN,
396,NYC,,BKN,
397,PHI,,WAS,
398,OKC,,CHC,
399,COL,,STL,
400,LAP,,SDT,
401,PHX,,SFN,
402,BAL,,NYS,
403,CLE,,BOS,
404,DET,,IND,
405,ORL,,MIL,
406,SEA,,LAA,
407,OAK,,CHR,
408,DAL,,KCM,
409,HOU,,MIN,
410,NYC,,BKN,
411,PHI,,WAS,
412,MIA,,PIT,
413,CIN,,ATL,
414,OKC,,CHC,
415,COL,,STL,
416,LAP,,SDT,
417,PHX,,SFN,
418,BAL,,NYS,
419,CLE,,BOS,
420,DET,,IND,
421,ORL,,MIL,
422,SEA,,LAA,
423,OAK,,CHR,
424,DAL,,KCM,
425,HOU,,MIN,
426,NYC,,BKN,
427,PHI,,WAS,
428,MIA,,PIT,
429,CIN,,ATL,
430,OKC,,CHC,
431,COL,,STL,
432,LAP,,SDT,
433,PHX,,SFN,
434,CHR,,BAL,
435,LAA,,CLE,
436,DAL,,KCM,
437,MIA,,PIT,
438,CIN,,ATL,
439,WAS,,OKC,
440,BKN,,COL,
441,CHR,,BAL,
442,LAA,,CLE,
443,BOS,,SEA,
444,NYS,,OAK,
445,ORL,,KCM,
446,DET,,MIN,
447,MIL,,DAL,
448,IND,,HOU,
449,STL,,NYC,
450,CHC,,PHI,
451,PHX,,PIT,
452,LAP,,ATL,
453,SFN,,MIA,
454,SDT,,CIN,
455,WAS,,OKC,
456,BKN,,COL,
457,CHR,,BAL,
458,LAA,,CLE,
459,BOS,,SEA,
460,NYS,,OAK,
461,ORL,,KCM,
462,DET,,MIN,
463,MIL,,DAL,
464,IND,,HOU,
465,STL,,NYC,
466,CHC,,PHI,
467,PHX,,PIT,
468,LAP,,ATL,
469,SFN,,MIA,
470,SDT,,CIN,
471,WAS,,OKC,
472,BKN,,COL,
473,CHR,,BAL,
474,LAA,,CLE,
475,BOS,,SEA,
476,NYS,,OAK,
477,ORL,,KCM,
478,DET,,MIN,
479,MIL,,DAL,
480,IND,,HOU,
481,STL,,NYC,
482,CHC,,PHI,
483,PHX,,PIT,
484,LAP,,ATL,
485,SFN,,MIA,
486,SDT,,CIN,
487,WAS,,OKC,
488,BKN,,COL,
489,IND,,SEA,
490,MIL,,OAK,
491,NYS,,LAA,
492,BOS,,CHR,
493,BAL,,KCM,
494,CLE,,MIN,
495,DET,,DAL,
496,ORL,,HOU,
497,OKC,,NYC,
498,COL,,PHI,
499,LAP,,BKN,
500,PHX,,WAS,
501,SDT,,PIT,
502,SFN,,ATL,
503,CHC,,MIA,
504,STL,,CIN,
505,IND,,SEA,
506,MIL,,OAK,
507,NYS,,LAA,
508,BOS,,CHR,
509,BAL,,KCM,
510,CLE,,MIN,
511,DET,,DAL,
512,ORL,,HOU,
513,OKC,,NYC,
514,COL,,PHI,
515,LAP,,BKN,
516,PHX,,WAS,
517,SDT,,PIT,
518,SFN,,ATL,
519,CHC,,MIA,
520,STL,,CIN,
521,IND,,SEA,
522,MIL,,OAK,
523,NYS,,LAA,
524,BOS,,CHR,
525,BAL,,KCM,
526,CLE,,MIN,
527,DET,,DAL,
528,ORL,,HOU,
529,OKC,,NYC,
530,COL,,PHI,
531,LAP,,BKN,
532,PHX,,WAS,
533,SDT,,PIT,
534,SFN,,ATL,
535,CHC,,MIA,
536,STL,,CIN,
537,IND,,SEA,
538,MIL,,OAK,
539,NYS,,LAA,
540,BOS,,CHR,
541,BAL,,KCM,
542,CLE,,MIN,
543,DET,,DAL,
544,ORL,,HOU,
545,OKC,,NYC,
546,COL,,PHI,
547,LAP,,BKN,
548,PHX,,WAS,
549,SDT,,PIT,
550,SFN,,ATL,
551,CHC,,MIA,
552,STL,,CIN,
553,KCM,,NYC,
554,MIN,,PHI,
555,DAL,,BKN,
556,HOU,,WAS,
557,SEA,,PIT,
558,OAK,,ATL,
559,LAA,,MIA,
560,CHR,,CIN,
561,DET,,CHC,
562,ORL,,STL,
563,IND,,OKC,
564,MIL,,COL,
565,NYS,,LAP,
566,BOS,,PHX,
567,BAL,,SDT,
568,CLE,,SFN,
569,KCM,,NYC,
570,MIN,,PHI,
571,DAL,,BKN,
572,HOU,,WAS,
573,SEA,,PIT,
574,OAK,,ATL,
575,LAA,,MIA,
576,CHR,,CIN,
577,DET,,CHC,
578,ORL,,STL,
579,IND,,OKC,
580,MIL,,COL,
581,NYS,,LAP,
582,BOS,,PHX,
583,BAL,,SDT,
584,CLE,,SFN,
585,KCM,,NYC,
586,MIN,,PHI,
587,DAL,,BKN,
588,HOU,,WAS,
589,SEA,,PIT,
590,OAK,,ATL,
591,LAA,,MIA,
592,CHR,,CIN,
593,DET,,CHC,
594,ORL,,STL,
595,IND,,OKC,
596,MIL,,COL,
597,NYS,,LAP,
598,BOS,,PHX,
599,BAL,,SDT,
600,CLE,,SFN,
601,SDT,,BOS,
602,ATL,,SEA,
603,PHX,,NYS,
604,SDT,,BOS,
605,SFN,,BAL,
606,CHC,,CLE,
607,STL,,DET,
608,OKC,,ORL,
609,COL,,IND,
610,LAP,,MIL,
611,ATL,,SEA,
612,MIA,,OAK,
613,CIN,,LAA,
614,NYC,,CHR,
615,PHI,,KCM,
616,BKN,,MIN,
617,WAS,,DAL,
618,PIT,,HOU,
619,PHX,,NYS,
620,SDT,,BOS,
621,SFN,,BAL,
622,CHC,,CLE,
623,STL,,DET,
624,OKC,,ORL,
625,COL,,IND,
626,LAP,,MIL,
627,ATL,,SEA,
628,MIA,,OAK,
629,CIN,,LAA,
630,NYC,,CHR,
631,PHI,,KCM,
632,BKN,,MIN,
633,WAS,,DAL,
634,PIT,,HOU,
635,PHX,,NYS,
636,SFN,,BAL,
637,CHC,,CLE,
638,STL,,DET,
639,OKC,,ORL,
640,COL,,IND,
641,LAP,,MIL,
642,MIA,,OAK,
643,CIN,,LAA,
644,NYC,,CHR,
645,PHI,,KCM,
646,BKN,,MIN,
647,WAS,,DAL,
648,PIT,,HOU,
649,SFN,,NYS,
650,CHC,,BOS,
651,STL,,BAL,
652,OKC,,CLE,
653,COL,,DET,
654,LAP,,ORL,
655,PHX,,IND,
656,SDT,,MIL,
657,CIN,,SEA,
658,NYC,,OAK,
659,PHI,,LAA,
660,BKN,,CHR,
661,WAS,,KCM,
662,PIT,,MIN,
663,ATL,,DAL,
664,MIA,,HOU,
665,SFN,,NYS,
666,CHC,,BOS,
667,STL,,BAL,
668,OKC,,CLE,
669,COL,,DET,
670,LAP,,ORL,
671,PHX,,IND,
672,SDT,,MIL,
673,CIN,,SEA,
674,NYC,,OAK,
675,PHI,,LAA,
676,BKN,,CHR,
677,WAS,,KCM,
678,PIT,,MIN,
679,ATL,,DAL,
680,MIA,,HOU,
681,SFN,,NYS,
682,CHC,,BOS,
683,STL,,BAL,
684,OKC,,CLE,
685,COL,,DET,
686,LAP,,ORL,
687,PHX,,IND,
688,SDT,,MIL,
689,CIN,,SEA,
690,NYC,,OAK,
691,PHI,,LAA,
692,BKN,,CHR,
693,WAS,,KCM,
694,PIT,,MIN,
695,ATL,,DAL,
696,MIA,,HOU,
697,LAA,,NYC,
698,CHR,,PHI,
699,MIN,,WAS,
700,SEA,,MIA,
701,OAK,,CIN,
702,NYS,,SDT,
703,BOS,,SFN,
704,LAA,,NYC,
705,CHR,,PHI,
706,KCM,,BKN,
707,MIN,,WAS,
708,DAL,,PIT,
709,HOU,,ATL,
710,SEA,,MIA,
711,OAK,,CIN,
712,BAL,,CHC,
713,CLE,,STL,
714,DET,,OKC,
715,ORL,,COL,
716,IND,,LAP,
717,MIL,,PHX,
718,NYS,,SDT,
719,BOS,,SFN,
720,LAA,,NYC,
721,CHR,,PHI,
722,KCM,,BKN,
723,MIN,,WAS,
724,DAL,,PIT,
725,HOU,,ATL,
726,SEA,,MIA,
727,OAK,,CIN,
728,BAL,,CHC,
729,CLE,,STL,
730,DET,,OKC,
731,ORL,,COL,
732,IND,,LAP,
733,MIL,,PHX,
734,NYS,,SDT,
735,BOS,,SFN,
736,KCM,,BKN,
737,DAL,,PIT,
738,HOU,,ATL,
739,BAL,,CHC,
740,CLE,,STL,
741,DET,,OKC,
742,ORL,,COL,
743,IND,,LAP,
744,MIL,,PHX,
745,DET,,NYS,
746,ORL,,BOS,
747,MIL,,CLE,
748,BAL,,IND,
749,SEA,,KCM,
750,OAK,,MIN,
751,LAA,,DAL,
752,CHR,,HOU,
753,MIA,,BKN,
754,NYC,,PIT,
755,PHI,,ATL,
756,WAS,,CIN,
757,LAP,,CHC,
758,PHX,,STL,
759,SDT,,OKC,
760,SFN,,COL,
761,DET,,NYS,
762,ORL,,BOS,
763,MIL,,CLE,
764,BAL,,IND,
765,SEA,,KCM,
766,OAK,,MIN,
767,LAA,,DAL,
768,CHR,,HOU,
769,MIA,,BKN,
770,NYC,,PIT,
771,PHI,,ATL,
772,WAS,,CIN,
773,LAP,,CHC,
774,PHX,,STL,
775,SDT,,OKC,
776,SFN,,COL,
777,DET,,NYS,
778,ORL,,BOS,
779,MIL,,CLE,
780,BAL,,IND,
781,SEA,,KCM,
782,OAK,,MIN,
783,LAA,,DAL,
784,CHR,,HOU,
785,MIA,,BKN,
786,NYC,,PIT,
787,PHI,,ATL,
788,WAS,,CIN,
789,LAP,,CHC,
790,PHX,,STL,
791,SDT,,OKC,
792,SFN,,COL,
793,BOS,,NYS,
794,CLE,,BAL,
795,SEA,,OAK,
796,HOU,,DAL,
797,NYC,,PHI,
798,BKN,,WAS,
799,STL,,CHC,
800,SDT,,SFN,
801,BOS,,NYS,
802,CLE,,BAL,
803,ORL,,DET,
804,MIL,,IND,
805,SEA,,OAK,
806,CHR,,LAA,
807,KCM,,MIN,
808,HOU,,DAL,
809,NYC,,PHI,
810,BKN,,WAS,
811,PIT,,ATL,
812,MIA,,CIN,
813,STL,,CHC,
814,OKC,,COL,
815,PHX,,LAP,
816,SDT,,SFN,
817,BOS,,NYS,
818,CLE,,BAL,
819,ORL,,DET,
820,MIL,,IND,
821,SEA,,OAK,
822,CHR,,LAA,
823,KCM,,MIN,
824,HOU,,DAL,
825,NYC,,PHI,
826,BKN,,WAS,
827,PIT,,ATL,
828,MIA,,CIN,
829,STL,,CHC,
830,OKC,,COL,
831,PHX,,LAP,
832,SDT,,SFN,
833,BOS,,NYS,
834,CLE,,BAL,
835,LAA,,MIL,
836,SEA,,OAK,
837,HOU,,DAL,
838,NYC,,PHI,
839,BKN,,WAS,
840,STL,,CHC,
841,CIN,,OKC,
842,SDT,,SFN,
843,LAA,,MIL,
844,ORL,,SEA,
845,DET,,OAK,
846,IND,,CHR,
847,BOS,,KCM,
848,NYS,,MIN,
849,CLE,,DAL,
850,BAL,,HOU,
851,PHX,,NYC,
852,LAP,,PHI,
853,SFN,,BKN,
854,SDT,,WAS,
855,STL,,PIT,
856,CHC,,ATL,
857,COL,,MIA,
858,CIN,,OKC,
859,LAA,,MIL,
860,ORL,,SEA,
861,DET,,OAK,
862,IND,,CHR,
863,BOS,,KCM,
864,NYS,,MIN,
865,CLE,,DAL,
866,BAL,,HOU,
867,PHX,,NYC,
868,LAP,,PHI,
869,SFN,,BKN,
870,SDT,,WAS,
871,STL,,PIT,
872,CHC,,ATL,
873,COL,,MIA,
874,CIN,,OKC,
875,LAA,,MIL,
876,ORL,,SEA,
877,DET,,OAK,
878,IND,,CHR,
879,BOS,,KCM,
880,NYS,,MIN,
881,CLE,,DAL,
882,BAL,,HOU,
883,PHX,,NYC,
884,LAP,,PHI,
885,SFN,,BKN,
886,SDT,,WAS,
887,STL,,PIT,
888,CHC,,ATL,
889,COL,,MIA,
890,CIN,,OKC,
891,HOU,,CLE,
892,IND,,LAA,
893,MIL,,CHR,
894,NYS,,KCM,
895,BOS,,MIN,
896,LAP,,NYC,
897,PHX,,PHI,
898,OKC,,MIA,
899,COL,,CIN,
900,BKN,,SDT,
901,DAL,,BAL,
902,HOU,,CLE,
903,SEA,,DET,
904,OAK,,ORL,
905,IND,,LAA,
906,MIL,,CHR,
907,NYS,,KCM,
908,BOS,,MIN,
909,LAP,,NYC,
910,PHX,,PHI,
911,OKC,,MIA,
912,COL,,CIN,
913,PIT,,CHC,
914,ATL,,STL,
915,BKN,,SDT,
916,WAS,,SFN,
917,DAL,,BAL,
918,HOU,,CLE,
919,SEA,,DET,
920,OAK,,ORL,
921,IND,,LAA,
922,MIL,,CHR,
923,NYS,,KCM,
924,BOS,,MIN,
925,LAP,,NYC,
926,PHX,,PHI,
927,OKC,,MIA,
928,COL,,CIN,
929,PIT,,CHC,
930,ATL,,STL,
931,BKN,,SDT,
932,WAS,,SFN,
933,DAL,,BAL,
934,SEA,,DET,
935,OAK,,ORL,
936,IND,,LAA,
937,MIL,,CHR,
938,NYS,,KCM,
939,BOS,,MIN,
940,LAP,,NYC,
941,PHX,,PHI,
942,OKC,,MIA,
943,COL,,CIN,
944,PIT,,CHC,
945,ATL,,STL,
946,WAS,,SFN,
947,CLE,,NYS,
948,BAL,,BOS,
949,MIL,,DET,
950,IND,,ORL,
951,OAK,,LAA,
952,SEA,,CHR,
953,HOU,,KCM,
954,MIN,,DAL,
955,PHI,,BKN,
956,NYC,,WAS,
957,ATL,,MIA,
958,PIT,,CIN,
959,COL,,CHC,
960,OKC,,STL,
961,SDT,,PHX,
962,LAP,,SFN,
963,CLE,,NYS,
964,BAL,,BOS,
965,MIL,,DET,
966,IND,,ORL,
967,OAK,,LAA,
968,SEA,,CHR,
969,HOU,,KCM,
970,MIN,,DAL,
971,PHI,,BKN,
972,NYC,,WAS,
973,ATL,,MIA,
974,PIT,,CIN,
975,COL,,CHC,
976,OKC,,STL,
977,SDT,,PHX,
978,LAP,,SFN,
979,CLE,,NYS,
980,BAL,,BOS,
981,MIL,,DET,
982,IND,,ORL,
983,OAK,,LAA,
984,SEA,,CHR,
985,HOU,,KCM,
986,MIN,,DAL,
987,PHI,,BKN,
988,NYC,,WAS,
989,ATL,,MIA,
990,PIT,,CIN,
991,COL,,CHC,
992,OKC,,STL,
993,SDT,,PHX,
994,LAP,,SFN,
995,IND,,NYS,
996,MIL,,BOS,
997,CHR,,MIN,
998,PIT,,BKN,
999,ATL,,WAS,
1000,NYC,,MIA,
1001,PHI,,CIN,
1002,SFN,,STL,
1003,PHX,,COL,
1004,OKC,,LAP,
1005,IND,,NYS,
1006,MIL,,BOS,
1007,BAL,,DET,
1008,CLE,,ORL,
1009,KCM,,LAA,
1010,CHR,,MIN,
1011,SEA,,DAL,
1012,OAK,,HOU,
1013,PIT,,BKN,
1014,ATL,,WAS,
1015,NYC,,MIA,
1016,PHI,,CIN,
1017,SDT,,CHC,
1018,SFN,,STL,
1019,PHX,,COL,
1020,OKC,,LAP,
1021,IND,,NYS,
1022,MIL,,BOS,
1023,BAL,,DET,
1024,CLE,,ORL,
1025,KCM,,LAA,
1026,CHR,,MIN,
1027,SEA,,DAL,
1028,OAK,,HOU,
1029,PIT,,BKN,
1030,ATL,,WAS,
1031,NYC,,MIA,
1032,PHI,,CIN,
1033,SDT,,CHC,
1034,SFN,,STL,
1035,PHX,,COL,
1036,OKC,,LAP,
1037,BAL,,DET,
1038,CLE,,ORL,
1039,KCM,,LAA,
1040,CHR,,MIN,
1041,SEA,,DAL,
1042,OAK,,HOU,
1043,SDT,,CHC,
1044,PHX,,COL,
1045,ATL,,NYS,
1046,MIA,,BOS,
1047,CIN,,BAL,
1048,NYC,,CLE,
1049,PHI,,DET,
1050,BKN,,ORL,
1051,WAS,,IND,
1052,PIT,,MIL,
1053,PHX,,SEA,
1054,SDT,,OAK,
1055,SFN,,LAA,
1056,CHC,,CHR,
1057,STL,,KCM,
1058,OKC,,MIN,
1059,COL,,DAL,
1060,LAP,,HOU,
1061,ATL,,NYS,
1062,MIA,,BOS,
1063,CIN,,BAL,
1064,NYC,,CLE,
1065,PHI,,DET,
1066,BKN,,ORL,
1067,WAS,,IND,
1068,PIT,,MIL,
1069,PHX,,SEA,
1070,SDT,,OAK,
1071,SFN,,LAA,
1072,CHC,,CHR,
1073,STL,,KCM,
1074,OKC,,MIN,
1075,COL,,DAL,
1076,LAP,,HOU,
1077,ATL,,NYS,
1078,MIA,,BOS,
1079,CIN,,BAL,
1080,NYC,,CLE,
1081,PHI,,DET,
1082,BKN,,ORL,
1083,WAS,,IND,
1084,PIT,,MIL,
1085,PHX,,SEA,
1086,SDT,,OAK,
1087,SFN,,LAA,
1088,CHC,,CHR,
1089,STL,,KCM,
1090,OKC,,MIN,
1091,COL,,DAL,
1092,LAP,,HOU,
1093,NYS,,PIT,
1094,BOS,,ATL,
1095,BAL,,MIA,
1096,CLE,,CIN,
1097,KCM,,CHC,
1098,MIN,,STL,
1099,DAL,,OKC,
1100,HOU,,COL,
1101,SEA,,LAP,
1102,OAK,,PHX,
1103,LAA,,SDT,
1104,CHR,,SFN,
1105,DET,,NYC,
1106,ORL,,PHI,
1107,IND,,BKN,
1108,MIL,,WAS,
1109,NYS,,PIT,
1110,BOS,,ATL,
1111,BAL,,MIA,
1112,CLE,,CIN,
1113,KCM,,CHC,
1114,MIN,,STL,
1115,DAL,,OKC,
1116,HOU,,COL,
1117,SEA,,LAP,
1118,OAK,,PHX,
1119,LAA,,SDT,
1120,CHR,,SFN,
1121,DET,,NYC,
1122,ORL,,PHI,
1123,IND,,BKN,
1124,MIL,,WAS,
1125,NYS,,PIT,
1126,BOS,,ATL,
1127,BAL,,MIA,
1128,CLE,,CIN,
1129,KCM,,CHC,
1130,MIN,,STL,
1131,DAL,,OKC,
1132,HOU,,COL,
1133,SEA,,LAP,
1134,OAK,,PHX,
1135,LAA,,SDT,
1136,CHR,,SFN,
1137,DET,,NYC,
1138,ORL,,PHI,
1139,IND,,BKN,
1140,MIL,,WAS,
1141,BAL,,NYC,
1142,CLE,,PHI,
1143,DET,,BKN,
1144,ORL,,WAS,
1145,IND,,PIT,
1146,MIL,,ATL,
1147,NYS,,MIA,
1148,BOS,,CIN,
1149,LAA,,CHC,
1150,CHR,,STL,
1151,KCM,,OKC,
1152,MIN,,COL,
1153,DAL,,LAP,
1154,HOU,,PHX,
1155,SEA,,SDT,
1156,OAK,,SFN,
1157,BAL,,NYC,
1158,CLE,,PHI,
1159,DET,,BKN,
1160,ORL,,WAS,
1161,IND,,PIT,
1162,MIL,,ATL,
1163,NYS,,MIA,
1164,BOS,,CIN,
1165,LAA,,CHC,
1166,CHR,,STL,
1167,KCM,,OKC,
1168,MIN,,COL,
1169,DAL,,LAP,
1170,HOU,,PHX,
1171,SEA,,SDT,
1172,OAK,,SFN,
1173,BAL,,NYC,
1174,CLE,,PHI,
1175,DET,,BKN,
1176,ORL,,WAS,
1177,IND,,PIT,
1178,MIL,,ATL,
1179,NYS,,MIA,
1180,BOS,,CIN,
1181,LAA,,CHC,
1182,CHR,,STL,
1183,KCM,,OKC,
1184,MIN,,COL,
1185,DAL,,LAP,
1186,HOU,,PHX,
1187,SEA,,SDT,
1188,OAK,,SFN,
1189,CIN,,NYS,
1190,NYC,,BOS,
1191,PHI,,BAL,
1192,BKN,,CLE,
1193,WAS,,DET,
1194,PIT,,ORL,
1195,ATL,,IND,
1196,MIA,,MIL,
1197,SFN,,SEA,
1198,CHC,,OAK,
1199,STL,,LAA,
1200,OKC,,CHR,
1201,COL,,KCM,
1202,LAP,,MIN,
1203,PHX,,DAL,
1204,SDT,,HOU,
1205,CIN,,NYS,
1206,NYC,,BOS,
1207,PHI,,BAL,
1208,BKN,,CLE,
1209,WAS,,DET,
1210,PIT,,ORL,
1211,ATL,,IND,
1212,MIA,,MIL,
1213,SFN,,SEA,
1214,CHC,,OAK,
1215,STL,,LAA,
1216,OKC,,CHR,
1217,COL,,KCM,
1218,LAP,,MIN,
1219,PHX,,DAL,
1220,SDT,,HOU,
1221,CIN,,NYS,
1222,NYC,,BOS,
1223,PHI,,BAL,
1224,BKN,,CLE,
1225,WAS,,DET,
1226,PIT,,ORL,
1227,ATL,,IND,
1228,MIA,,MIL,
1229,SFN,,SEA,
1230,CHC,,OAK,
1231,STL,,LAA,
1232,OKC,,CHR,
1233,COL,,KCM,
1234,LAP,,MIN,
1235,PHX,,DAL,
1236,SDT,,HOU,
1237,HOU,,NYS,
1238,DAL,,BOS,
1239,OAK,,BAL,
1240,SEA,,CLE,
1241,CHR,,DET,
1242,LAA,,ORL,
1243,MIN,,IND,
1244,KCM,,MIL,
1245,WAS,,CHC,
1246,BKN,,STL,
1247,ATL,,OKC,
1248,PIT,,COL,
1249,CIN,,LAP,
1250,MIA,,PHX,
1251,PHI,,SDT,
1252,NYC,,SFN,
1253,HOU,,NYS,
1254,DAL,,BOS,
1255,OAK,,BAL,
1256,SEA,,CLE,
1257,CHR,,DET,
1258,LAA,,ORL,
1259,MIN,,IND,
1260,KCM,,MIL,
1261,WAS,,CHC,
1262,BKN,,STL,
1263,ATL,,OKC,
1264,PIT,,COL,
1265,CIN,,LAP,
1266,MIA,,PHX,
1267,PHI,,SDT,
1268,NYC,,SFN,
1269,HOU,,NYS,
1270,DAL,,BOS,
1271,OAK,,BAL,
1272,SEA,,CLE,
1273,CHR,,DET,
1274,LAA,,ORL,
1275,MIN,,IND,
1276,KCM,,MIL,
1277,WAS,,CHC,
1278,BKN,,STL,
1279,ATL,,OKC,
1280,PIT,,COL,
1281,CIN,,LAP,
1282,MIA,,PHX,
1283,PHI,,SDT,
1284,NYC,,SFN,
1285,HOU,,NYS,
1286,DAL,,BOS,
1287,OAK,,BAL,
1288,SEA,,CLE,
1289,CHR,,DET,
1290,LAA,,ORL,
1291,MIN,,IND,
1292,KCM,,MIL,
1293,WAS,,CHC,
1294,BKN,,STL,
1295,ATL,,OKC,
1296,PIT,,COL,
1297,CIN,,LAP,
1298,MIA,,PHX,
1299,PHI,,SDT,
1300,NYC,,SFN,
1301,DAL,,NYS,
1302,HOU,,BOS,
1303,OAK,,CLE,
1304,LAA,,DET,
1305,ORL,,CHR,
1306,IND,,KCM,
1307,COL,,ATL,
1308,LAP,,MIA,
1309,BKN,,CHC,
1310,WAS,,STL,
1311,CIN,,PHX,
1312,NYC,,SDT,
1313,DAL,,NYS,
1314,HOU,,BOS,
1315,SEA,,BAL,
1316,OAK,,CLE,
1317,LAA,,DET,
1318,MIN,,MIL,
1319,ORL,,CHR,
1320,IND,,KCM,
1321,COL,,ATL,
1322,LAP,,MIA,
1323,BKN,,CHC,
1324,WAS,,STL,
1325,PIT,,OKC,
1326,CIN,,PHX,
1327,NYC,,SDT,
1328,PHI,,SFN,
1329,DAL,,NYS,
1330,HOU,,BOS,
1331,SEA,,BAL,
1332,OAK,,CLE,
1333,LAA,,DET,
1334,MIN,,MIL,
1335,ORL,,CHR,
1336,IND,,KCM,
1337,COL,,ATL,
1338,LAP,,MIA,
1339,BKN,,CHC,
1340,WAS,,STL,
1341,PIT,,OKC,
1342,CIN,,PHX,
1343,NYC,,SDT,
1344,PHI,,SFN,
1345,SEA,,BAL,
1346,MIN,,MIL,
1347,ORL,,CHR,
1348,IND,,KCM,
1349,OAK,,DAL,
1350,COL,,ATL,
1351,LAP,,MIA,
1352,SDT,,STL,
1353,PIT,,OKC,
1354,PHI,,SFN,
1355,ORL,,BAL,
1356,DET,,CLE,
1357,BOS,,IND,
1358,NYS,,MIL,
1359,HOU,,SEA,
1360,CHR,,KCM,
1361,LAA,,MIN,
1362,OAK,,DAL,
1363,CIN,,NYC,
1364,MIA,,PHI,
1365,WAS,,PIT,
1366,BKN,,ATL,
1367,SDT,,STL,
1368,PHX,,OKC,
1369,LAP,,COL,
1370,CHC,,SFN,
1371,ORL,,BAL,
1372,DET,,CLE,
1373,BOS,,IND,
1374,NYS,,MIL,
1375,HOU,,SEA,
1376,CHR,,KCM,
1377,LAA,,MIN,
1378,OAK,,DAL,
1379,CIN,,NYC,
1380,MIA,,PHI,
1381,WAS,,PIT,
1382,BKN,,ATL,
1383,SDT,,STL,
1384,PHX,,OKC,
1385,LAP,,COL,
1386,CHC,,SFN,
1387,ORL,,BAL,
1388,DET,,CLE,
1389,BOS,,IND,
1390,NYS,,MIL,
1391,HOU,,SEA,
1392,CHR,,KCM,
1393,LAA,,MIN,
1394,OAK,,DAL,
1395,CIN,,NYC,
1396,MIA,,PHI,
1397,WAS,,PIT,
1398,BKN,,ATL,
1399,SDT,,STL,
1400,PHX,,OKC,
1401,LAP,,COL,
1402,CHC,,SFN,
1403,NYS,,SEA,
1404,BOS,,OAK,
1405,BAL,,LAA,
1406,CLE,,CHR,
1407,DET,,KCM,
1408,ORL,,MIN,
1409,IND,,DAL,
1410,MIL,,HOU,
1411,CHC,,NYC,
1412,STL,,PHI,
1413,OKC,,BKN,
1414,COL,,WAS,
1415,LAP,,PIT,
1416,PHX,,ATL,
1417,SDT,,MIA,
1418,SFN,,CIN,
1419,NYS,,SEA,
1420,BOS,,OAK,
1421,BAL,,LAA,
1422,CLE,,CHR,
1423,DET,,KCM,
1424,ORL,,MIN,
1425,IND,,DAL,
1426,MIL,,HOU,
1427,CHC,,NYC,
1428,STL,,PHI,
1429,OKC,,BKN,
1430,COL,,WAS,
1431,LAP,,PIT,
1432,PHX,,ATL,
1433,SDT,,MIA,
1434,SFN,,CIN,
1435,NYS,,SEA,
1436,BOS,,OAK,
1437,BAL,,LAA,
1438,CLE,,CHR,
1439,DET,,KCM,
1440,ORL,,MIN,
1441,IND,,DAL,
1442,MIL,,HOU,
1443,CHC,,NYC,
1444,STL,,PHI,
1445,OKC,,BKN,
1446,COL,,WAS,
1447,LAP,,PIT,
1448,PHX,,ATL,
1449,SDT,,MIA,
1450,SFN,,CIN,
1451,NYS,,SEA,
1452,BOS,,OAK,
1453,BAL,,LAA,
1454,CLE,,CHR,
1455,DET,,KCM,
1456,ORL,,MIN,
1457,IND,,DAL,
1458,MIL,,HOU,
1459,CHC,,NYC,
1460,STL,,PHI,
1461,OKC,,BKN,
1462,COL,,WAS,
1463,LAP,,PIT,
1464,PHX,,ATL,
1465,SDT,,MIA,
1466,SFN,,CIN,
1467,OAK,,NYS,
1468,SEA,,BOS,
1469,MIN,,DET,
1470,KCM,,ORL,
1471,HOU,,IND,
1472,DAL,,MIL,
1473,CLE,,LAA,
1474,BAL,,CHR,
1475,PHI,,CHC,
1476,NYC,,STL,
1477,ATL,,LAP,
1478,PIT,,PHX,
1479,CIN,,SDT,
1480,MIA,,SFN,
1481,OAK,,NYS,
1482,SEA,,BOS,
1483,MIN,,DET,
1484,KCM,,ORL,
1485,HOU,,IND,
1486,DAL,,MIL,
1487,CLE,,LAA,
1488,BAL,,CHR,
1489,COL,,BKN,
1490,OKC,,WAS,
1491,PHI,,CHC,
1492,NYC,,STL,
1493,ATL,,LAP,
1494,PIT,,PHX,
1495,CIN,,SDT,
1496,MIA,,SFN,
1497,OAK,,NYS,
1498,SEA,,BOS,
1499,MIN,,DET,
1500,KCM,,ORL,
1501,HOU,,IND,
1502,DAL,,MIL,
1503,CLE,,LAA,
1504,BAL,,CHR,
1505,COL,,BKN,
1506,OKC,,WAS,
1507,PHI,,CHC,
1508,NYC,,STL,
1509,ATL,,LAP,
1510,PIT,,PHX,
1511,CIN,,SDT,
1512,MIA,,SFN,
1513,OAK,,NYS,
1514,SEA,,BOS,
1515,MIN,,DET,
1516,KCM,,ORL,
1517,HOU,,IND,
1518,DAL,,MIL,
1519,COL,,BKN,
1520,OKC,,WAS,
1521,PHI,,CHC,
1522,NYC,,STL,
1523,ATL,,LAP,
1524,PIT,,PHX,
1525,CIN,,SDT,
1526,MIA,,SFN,
1527,ORL,,NYS,
1528,DET,,BOS,
1529,CLE,,IND,
1530,BAL,,MIL,
1531,MIN,,SEA,
1532,KCM,,OAK,
1533,CHR,,DAL,
1534,LAA,,HOU,
1535,CIN,,BKN,
1536,MIA,,WAS,
1537,PHI,,PIT,
1538,NYC,,ATL,
1539,SFN,,OKC,
1540,SDT,,COL,
1541,STL,,LAP,
1542,CHC,,PHX,
1543,ORL,,NYS,
1544,DET,,BOS,
1545,CLE,,IND,
1546,BAL,,MIL,
1547,MIN,,SEA,
1548,KCM,,OAK,
1549,CHR,,DAL,
1550,LAA,,HOU,
1551,CIN,,BKN,
1552,MIA,,WAS,
1553,PHI,,PIT,
1554,NYC,,ATL,
1555,SFN,,OKC,
1556,SDT,,COL,
1557,STL,,LAP,
1558,CHC,,PHX,
1559,ORL,,NYS,
1560,DET,,BOS,
1561,CLE,,IND,
1562,BAL,,MIL,
1563,MIN,,SEA,
1564,KCM,,OAK,
1565,CHR,,DAL,
1566,LAA,,HOU,
1567,CIN,,BKN,
1568,MIA,,WAS,
1569,PHI,,PIT,
1570,NYC,,ATL,
1571,SFN,,OKC,
1572,SDT,,COL,
1573,STL,,LAP,
1574,CHC,,PHX,
1575,DET,,IND,
1576,ORL,,MIL,
1577,LAA,,SEA,
1578,CHR,,OAK,
1579,KCM,,DAL,
1580,MIN,,HOU,
1581,MIA,,PIT,
1582,SFN,,PHX,
1583,NYS,,BAL,
1584,BOS,,CLE,
1585,DET,,IND,
1586,ORL,,MIL,
1587,LAA,,SEA,
1588,CHR,,OAK,
1589,KCM,,DAL,
1590,MIN,,HOU,
1591,BKN,,NYC,
1592,WAS,,PHI,
1593,MIA,,PIT,
1594,CIN,,ATL,
1595,CHC,,OKC,
1596,STL,,COL,
1597,SDT,,LAP,
1598,SFN,,PHX,
1599,NYS,,BAL,
1600,BOS,,CLE,
1601,DET,,IND,
1602,ORL,,MIL,
1603,LAA,,SEA,
1604,CHR,,OAK,
1605,KCM,,DAL,
1606,MIN,,HOU,
1607,BKN,,NYC,
1608,WAS,,PHI,
1609,MIA,,PIT,
1610,CIN,,ATL,
1611,CHC,,OKC,
1612,STL,,COL,
1613,SDT,,LAP,
1614,SFN,,PHX,
1615,NYS,,BAL,
1616,BOS,,CLE,
1617,BKN,,NYC,
1618,WAS,,PHI,
1619,CIN,,ATL,
1620,CHC,,OKC,
1621,STL,,COL,
1622,SDT,,LAP,
1623,SEA,,NYC,
1624,OAK,,PHI,
1625,LAA,,BKN,
1626,CHR,,WAS,
1627,KCM,,PIT,
1628,MIN,,ATL,
1629,DAL,,MIA,
1630,HOU,,CIN,
1631,NYS,,CHC,
1632,BOS,,STL,
1633,BAL,,OKC,
1634,CLE,,COL,
1635,DET,,LAP,
1636,ORL,,PHX,
1637,IND,,SDT,
1638,MIL,,SFN,
1639,SEA,,NYC,
1640,OAK,,PHI,
1641,LAA,,BKN,
1642,CHR,,WAS,
1643,KCM,,PIT,
1644,MIN,,ATL,
1645,DAL,,MIA,
1646,HOU,,CIN,
1647,NYS,,CHC,
1648,BOS,,STL,
1649,BAL,,OKC,
1650,CLE,,COL,
1651,DET,,LAP,
1652,ORL,,PHX,
1653,IND,,SDT,
1654,MIL,,SFN,
1655,SEA,,NYC,
1656,OAK,,PHI,
1657,LAA,,BKN,
1658,CHR,,WAS,
1659,KCM,,PIT,
1660,MIN,,ATL,
1661,DAL,,MIA,
1662,HOU,,CIN,
1663,NYS,,CHC,
1664,BOS,,STL,
1665,BAL,,OKC,
1666,CLE,,COL,
1667,DET,,LAP,
1668,ORL,,PHX,
1669,IND,,SDT,
1670,MIL,,SFN,
1671,PHX,,DET,
1672,CIN,,DAL,
1673,STL,,NYS,
1674,OKC,,BOS,
1675,COL,,BAL,
1676,LAP,,CLE,
1677,PHX,,DET,
1678,SDT,,ORL,
1679,SFN,,IND,
1680,CHC,,MIL,
1681,PHI,,SEA,
1682,BKN,,OAK,
1683,WAS,,LAA,
1684,PIT,,CHR,
1685,ATL,,KCM,
1686,MIA,,MIN,
1687,CIN,,DAL,
1688,NYC,,HOU,
1689,STL,,NYS,
1690,OKC,,BOS,
1691,COL,,BAL,
1692,LAP,,CLE,
1693,PHX,,DET,
1694,SDT,,ORL,
1695,SFN,,IND,
1696,CHC,,MIL,
1697,PHI,,SEA,
1698,BKN,,OAK,
1699,WAS,,LAA,
1700,PIT,,CHR,
1701,ATL,,KCM,
1702,MIA,,MIN,
1703,CIN,,DAL,
1704,NYC,,HOU,
1705,STL,,NYS,
1706,OKC,,BOS,
1707,COL,,BAL,
1708,LAP,,CLE,
1709,SDT,,ORL,
1710,SFN,,IND,
1711,CHC,,MIL,
1712,PHI,,SEA,
1713,BKN,,OAK,
1714,WAS,,LAA,
1715,PIT,,CHR,
1716,ATL,,KCM,
1717,MIA,,MIN,
1718,NYC,,HOU,
1719,COL,,NYS,
1720,LAP,,BOS,
1721,PHX,,BAL,
1722,SDT,,CLE,
1723,SFN,,DET,
1724,CHC,,ORL,
1725,STL,,IND,
1726,OKC,,MIL,
1727,WAS,,SEA,
1728,PIT,,OAK,
1729,ATL,,LAA,
1730,MIA,,CHR,
1731,CIN,,KCM,
1732,NYC,,MIN,
1733,PHI,,DAL,
1734,BKN,,HOU,
1735,COL,,NYS,
1736,LAP,,BOS,
1737,PHX,,BAL,
1738,SDT,,CLE,
1739,SFN,,DET,
1740,CHC,,ORL,
1741,STL,,IND,
1742,OKC,,MIL,
1743,WAS,,SEA,
1744,PIT,,OAK,
1745,ATL,,LAA,
1746,MIA,,CHR,
1747,CIN,,KCM,
1748,NYC,,MIN,
1749,PHI,,DAL,
1750,BKN,,HOU,
1751,COL,,NYS,
1752,LAP,,BOS,
1753,PHX,,BAL,
1754,SDT,,CLE,
1755,SFN,,DET,
1756,CHC,,ORL,
1757,STL,,IND,
1758,OKC,,MIL,
1759,WAS,,SEA,
1760,PIT,,OAK,
1761,ATL,,LAA,
1762,MIA,,CHR,
1763,CIN,,KCM,
1764,NYC,,MIN,
1765,PHI,,DAL,
1766,BKN,,HOU,
1767,DAL,,NYC,
1768,HOU,,PHI,
1769,SEA,,BKN,
1770,OAK,,WAS,
1771,LAA,,PIT,
1772,CHR,,ATL,
1773,KCM,,MIA,
1774,MIN,,CIN,
1775,IND,,CHC,
1776,MIL,,STL,
1777,NYS,,OKC,
1778,BOS,,COL,
1779,BAL,,LAP,
1780,CLE,,PHX,
1781,DET,,SDT,
1782,ORL,,SFN,
1783,DAL,,NYC,
1784,HOU,,PHI,
1785,SEA,,BKN,
1786,OAK,,WAS,
1787,LAA,,PIT,
1788,CHR,,ATL,
1789,KCM,,MIA,
1790,MIN,,CIN,
1791,IND,,CHC,
1792,MIL,,STL,
1793,NYS,,OKC,
1794,BOS,,COL,
1795,BAL,,LAP,
1796,CLE,,PHX,
1797,DET,,SDT,
1798,ORL,,SFN,
1799,DAL,,NYC,
1800,HOU,,PHI,
1801,SEA,,BKN,
1802,OAK,,WAS,
1803,LAA,,PIT,
1804,CHR,,ATL,
1805,KCM,,MIA,
1806,MIN,,CIN,
1807,IND,,CHC,
1808,MIL,,STL,
1809,NYS,,OKC,
1810,BOS,,COL,
1811,BAL,,LAP,
1812,CLE,,PHX,
1813,DET,,SDT,
1814,ORL,,SFN,
1815,DET,,BAL,
1816,ORL,,CLE,
1817,NYS,,IND,
1818,BOS,,MIL,
1819,DAL,,SEA,
1820,HOU,,OAK,
1821,LAA,,KCM,
1822,MIA,,NYC,
1823,CIN,,PHI,
1824,BKN,,PIT,
1825,WAS,,ATL,
1826,LAP,,OKC,
1827,CHC,,SDT,
1828,STL,,SFN,
1829,DET,,BAL,
1830,ORL,,CLE,
1831,NYS,,IND,
1832,BOS,,MIL,
1833,DAL,,SEA,
1834,HOU,,OAK,
1835,MIN,,CHR,
1836,LAA,,KCM,
1837,MIA,,NYC,
1838,CIN,,PHI,
1839,BKN,,PIT,
1840,WAS,,ATL,
1841,LAP,,OKC,
1842,COL,,PHX,
1843,CHC,,SDT,
1844,STL,,SFN,
1845,DET,,BAL,
1846,ORL,,CLE,
1847,NYS,,IND,
1848,BOS,,MIL,
1849,DAL,,SEA,
1850,HOU,,OAK,
1851,MIN,,CHR,
1852,LAA,,KCM,
1853,MIA,,NYC,
1854,CIN,,PHI,
1855,BKN,,PIT,
1856,WAS,,ATL,
1857,LAP,,OKC,
1858,COL,,PHX,
1859,CHC,,SDT,
1860,STL,,SFN,
1861,DET,,BAL,
1862,ORL,,CLE,
1863,NYS,,IND,
1864,BOS,,MIL,
1865,DAL,,SEA,
1866,HOU,,OAK,
1867,MIN,,CHR,
1868,LAA,,KCM,
1869,MIA,,NYC,
1870,CIN,,PHI,
1871,BKN,,PIT,
1872,WAS,,ATL,
1873,LAP,,OKC,
1874,COL,,PHX,
1875,CHC,,SDT,
1876,STL,,SFN,
1877,DET,,NYS,
1878,IND,,BAL,
1879,MIL,,CLE,
1880,LAA,,DAL,
1881,CHR,,HOU,
1882,NYC,,PIT,
1883,PHI,,ATL,
1884,BKN,,MIA,
1885,WAS,,CIN,
1886,SDT,,OKC,
1887,DET,,NYS,
1888,ORL,,BOS,
1889,IND,,BAL,
1890,MIL,,CLE,
1891,SEA,,KCM,
1892,OAK,,MIN,
1893,LAA,,DAL,
1894,CHR,,HOU,
1895,NYC,,PIT,
1896,PHI,,ATL,
1897,BKN,,MIA,
1898,WAS,,CIN,
1899,LAP,,CHC,
1900,PHX,,STL,
1901,SDT,,OKC,
1902,SFN,,COL,
1903,DET,,NYS,
1904,ORL,,BOS,
1905,IND,,BAL,
1906,MIL,,CLE,
1907,SEA,,KCM,
1908,OAK,,MIN,
1909,LAA,,DAL,
1910,CHR,,HOU,
1911,NYC,,PIT,
1912,PHI,,ATL,
1913,BKN,,MIA,
1914,WAS,,CIN,
1915,LAP,,CHC,
1916,PHX,,STL,
1917,SDT,,OKC,
1918,SFN,,COL,
1919,ORL,,BOS,
1920,SEA,,KCM,
1921,OAK,,MIN,
1922,LAP,,CHC,
1923,PHX,,STL,
1924,SFN,,COL,
1925,LAA,,NYS,
1926,CHR,,BOS,
1927,KCM,,BAL,
1928,MIN,,CLE,
1929,DAL,,DET,
1930,HOU,,ORL,
1931,SEA,,IND,
1932,OAK,,MIL,
1933,MIA,,CHC,
1934,CIN,,STL,
1935,NYC,,OKC,
1936,PHI,,COL,
1937,BKN,,LAP,
1938,WAS,,PHX,
1939,PIT,,SDT,
1940,ATL,,SFN,
1941,LAA,,NYS,
1942,CHR,,BOS,
1943,KCM,,BAL,
1944,MIN,,CLE,
1945,DAL,,DET,
1946,HOU,,ORL,
1947,SEA,,IND,
1948,OAK,,MIL,
1949,MIA,,CHC,
1950,CIN,,STL,
1951,NYC,,OKC,
1952,PHI,,COL,
1953,BKN,,LAP,
1954,WAS,,PHX,
1955,PIT,,SDT,
1956,ATL,,SFN,
1957,LAA,,NYS,
1958,CHR,,BOS,
1959,KCM,,BAL,
1960,MIN,,CLE,
1961,DAL,,DET,
1962,HOU,,ORL,
1963,SEA,,IND,
1964,OAK,,MIL,
1965,MIA,,CHC,
1966,CIN,,STL,
1967,NYC,,OKC,
1968,PHI,,COL,
1969,BKN,,LAP,
1970,WAS,,PHX,
1971,PIT,,SDT,
1972,ATL,,SFN,
1973,MIN,,BAL,
1974,SEA,,MIL,
1975,IND,,OAK,
1976,NYS,,CHR,
1977,COL,,NYC,
1978,SFN,,PIT,
1979,STL,,MIA,
1980,CIN,,CHC,
1981,BKN,,PHX,
1982,MIN,,BAL,
1983,SEA,,MIL,
1984,IND,,OAK,
1985,BOS,,LAA,
1986,NYS,,CHR,
1987,CLE,,KCM,
1988,ORL,,DAL,
1989,DET,,HOU,
1990,COL,,NYC,
1991,OKC,,PHI,
1992,LAP,,WAS,
1993,SFN,,PIT,
1994,SDT,,ATL,
1995,STL,,MIA,
1996,CIN,,CHC,
1997,BKN,,PHX,
1998,MIN,,BAL,
1999,SEA,,MIL,
2000,IND,,OAK,
2001,BOS,,LAA,
2002,NYS,,CHR,
2003,CLE,,KCM,
2004,ORL,,DAL,
2005,DET,,HOU,
2006,COL,,NYC,
2007,OKC,,PHI,
2008,LAP,,WAS,
2009,SFN,,PIT,
2010,SDT,,ATL,
2011,STL,,MIA,
2012,CIN,,CHC,
2013,BKN,,PHX,
2014,MIN,,BAL,
2015,SEA,,MIL,
2016,BOS,,LAA,
2017,CLE,,KCM,
2018,ORL,,DAL,
2019,DET,,HOU,
2020,OKC,,PHI,
2021,LAP,,WAS,
2022,SDT,,ATL,
2023,CIN,,CHC,
2024,BKN,,PHX,
2025,CLE,,SEA,
2026,BAL,,OAK,
2027,ORL,,LAA,
2028,DET,,CHR,
2029,MIL,,KCM,
2030,IND,,MIN,
2031,BOS,,DAL,
2032,NYS,,HOU,
2033,SFN,,NYC,
2034,SDT,,PHI,
2035,STL,,BKN,
2036,CHC,,WAS,
2037,COL,,PIT,
2038,OKC,,ATL,
2039,PHX,,MIA,
2040,LAP,,CIN,
2041,CLE,,SEA,
2042,BAL,,OAK,
2043,ORL,,LAA,
2044,DET,,CHR,
2045,MIL,,KCM,
2046,IND,,MIN,
2047,BOS,,DAL,
2048,NYS,,HOU,
2049,SFN,,NYC,
2050,SDT,,PHI,
2051,STL,,BKN,
2052,CHC,,WAS,
2053,COL,,PIT,
2054,OKC,,ATL,
2055,PHX,,MIA,
2056,LAP,,CIN,
2057,CLE,,SEA,
2058,BAL,,OAK,
2059,ORL,,LAA,
2060,DET,,CHR,
2061,MIL,,KCM,
2062,IND,,MIN,
2063,BOS,,DAL,
2064,NYS,,HOU,
2065,SFN,,NYC,
2066,SDT,,PHI,
2067,STL,,BKN,
2068,CHC,,WAS,
2069,COL,,PIT,
2070,OKC,,ATL,
2071,PHX,,MIA,
2072,LAP,,CIN,
2073,MIN,,NYS,
2074,KCM,,BOS,
2075,HOU,,BAL,
2076,DAL,,CLE,
2077,OAK,,DET,
2078,SEA,,ORL,
2079,CHR,,IND,
2080,MIL,,LAA,
2081,OKC,,CIN,
2082,ATL,,CHC,
2083,PIT,,STL,
2084,MIA,,COL,
2085,PHI,,LAP,
2086,NYC,,PHX,
2087,WAS,,SDT,
2088,BKN,,SFN,
2089,MIN,,NYS,
2090,KCM,,BOS,
2091,HOU,,BAL,
2092,DAL,,CLE,
2093,OAK,,DET,
2094,SEA,,ORL,
2095,CHR,,IND,
2096,MIL,,LAA,
2097,OKC,,CIN,
2098,ATL,,CHC,
2099,PIT,,STL,
2100,MIA,,COL,
2101,PHI,,LAP,
2102,NYC,,PHX,
2103,WAS,,SDT,
2104,BKN,,SFN,
2105,MIN,,NYS,
2106,KCM,,BOS,
2107,HOU,,BAL,
2108,DAL,,CLE,
2109,OAK,,DET,
2110,SEA,,ORL,
2111,CHR,,IND,
2112,MIL,,LAA,
2113,OKC,,CIN,
2114,ATL,,CHC,
2115,PIT,,STL,
2116,MIA,,COL,
2117,PHI,,LAP,
2118,NYC,,PHX,
2119,WAS,,SDT,
2120,BKN,,SFN,
2121,MIN,,NYS,
2122,KCM,,BOS,
2123,HOU,,BAL,
2124,DAL,,CLE,
2125,OAK,,DET,
2126,SEA,,ORL,
2127,CHR,,IND,
2128,ATL,,CHC,
2129,PIT,,STL,
2130,MIA,,COL,
2131,PHI,,LAP,
2132,NYC,,PHX,
2133,WAS,,SDT,
2134,BKN,,SFN,
2135,MIL,,BAL,
2136,IND,,CLE,
2137,BOS,,DET,
2138,NYS,,ORL,
2139,MIN,,SEA,
2140,HOU,,LAA,
2141,DAL,,CHR,
2142,OAK,,KCM,
2143,ATL,,NYC,
2144,PIT,,PHI,
2145,WAS,,MIA,
2146,BKN,,CIN,
2147,LAP,,STL,
2148,CHC,,PHX,
2149,COL,,SDT,
2150,OKC,,SFN,
2151,MIL,,BAL,
2152,IND,,CLE,
2153,BOS,,DET,
2154,NYS,,ORL,
2155,MIN,,SEA,
2156,HOU,,LAA,
2157,DAL,,CHR,
2158,OAK,,KCM,
2159,ATL,,NYC,
2160,PIT,,PHI,
2161,WAS,,MIA,
2162,BKN,,CIN,
2163,LAP,,STL,
2164,CHC,,PHX,
2165,COL,,SDT,
2166,OKC,,SFN,
2167,MIL,,BAL,
2168,IND,,CLE,
2169,BOS,,DET,
2170,NYS,,ORL,
2171,MIN,,SEA,
2172,HOU,,LAA,
2173,DAL,,CHR,
2174,OAK,,KCM,
2175,ATL,,NYC,
2176,PIT,,PHI,
2177,WAS,,MIA,
2178,BKN,,CIN,
2179,LAP,,STL,
2180,CHC,,PHX,
2181,COL,,SDT,
2182,OKC,,SFN,
2183,BAL,,CLE,
2184,ORL,,DET,
2185,IND,,MIL,
2186,LAA,,CHR,
2187,WAS,,BKN,
2188,CIN,,MIA,
2189,COL,,OKC,
2190,SFN,,SDT,
2191,NYS,,BOS,
2192,BAL,,CLE,
2193,ORL,,DET,
2194,IND,,MIL,
2195,OAK,,SEA,
2196,LAA,,CHR,
2197,KCM,,MIN,
2198,DAL,,HOU,
2199,PHI,,NYC,
2200,WAS,,BKN,
2201,PIT,,ATL,
2202,CIN,,MIA,
2203,CHC,,STL,
2204,COL,,OKC,
2205,PHX,,LAP,
2206,SFN,,SDT,
2207,NYS,,BOS,
2208,IND,,MIL,
2209,OAK,,SEA,
2210,LAA,,CHR,
2211,KCM,,MIN,
2212,DAL,,HOU,
2213,PHI,,NYC,
2214,PIT,,ATL,
2215,CIN,,MIA,
2216,CHC,,STL,
2217,COL,,OKC,
2218,PHX,,LAP,
2219,IND,,MIL,
2220,DET,,SEA,
2221,ORL,,OAK,
2222,LAA,,CHR,
2223,BAL,,DAL,
2224,CLE,,HOU,
2225,SDT,,BKN,
2226,SFN,,WAS,
2227,CHC,,PIT,
2228,STL,,ATL,
2229,CIN,,MIA,
2230,COL,,OKC,
2231,KCM,,NYS,
2232,MIN,,BOS,
2233,LAA,,IND,
2234,CHR,,MIL,
2235,DET,,SEA,
2236,ORL,,OAK,
2237,BAL,,DAL,
2238,CLE,,HOU,
2239,SDT,,BKN,
2240,SFN,,WAS,
2241,CHC,,PIT,
2242,STL,,ATL,
2243,MIA,,OKC,
2244,CIN,,COL,
2245,NYC,,LAP,
2246,PHI,,PHX,
2247,KCM,,NYS,
2248,MIN,,BOS,
2249,LAA,,IND,
2250,CHR,,MIL,
2251,DET,,SEA,
2252,ORL,,OAK,
2253,BAL,,DAL,
2254,CLE,,HOU,
2255,SDT,,BKN,
2256,SFN,,WAS,
2257,CHC,,PIT,
2258,STL,,ATL,
2259,MIA,,OKC,
2260,CIN,,COL,
2261,NYC,,LAP,
2262,PHI,,PHX,
2263,KCM,,NYS,
2264,MIN,,BOS,
2265,LAA,,IND,
2266,CHR,,MIL,
2267,DET,,SEA,
2268,ORL,,OAK,
2269,BAL,,DAL,
2270,CLE,,HOU,
2271,SDT,,BKN,
2272,SFN,,WAS,
2273,CHC,,PIT,
2274,STL,,ATL,
2275,MIA,,OKC,
2276,CIN,,COL,
2277,NYC,,LAP,
2278,PHI,,PHX,
2279,CHR,,ORL,
2280,KCM,,IND,
2281,BAL,,SEA,
2282,CLE,,OAK,
2283,DET,,LAA,
2284,MIL,,MIN,
2285,NYS,,DAL,
2286,BOS,,HOU,
2287,SDT,,NYC,
2288,SFN,,PHI,
2289,CHC,,BKN,
2290,STL,,WAS,
2291,OKC,,PIT,
2292,PHX,,CIN,
2293,ATL,,COL,
2294,MIA,,LAP,
2295,CHR,,ORL,
2296,KCM,,IND,
2297,BAL,,SEA,
2298,CLE,,OAK,
2299,DET,,LAA,
2300,MIL,,MIN,
2301,NYS,,DAL,
2302,BOS,,HOU,
2303,SDT,,NYC,
2304,SFN,,PHI,
2305,CHC,,BKN,
2306,STL,,WAS,
2307,OKC,,PIT,
2308,PHX,,CIN,
2309,ATL,,COL,
2310,MIA,,LAP,
2311,CHR,,ORL,
2312,KCM,,IND,
2313,BAL,,SEA,
2314,CLE,,OAK,
2315,DET,,LAA,
2316,MIL,,MIN,
2317,NYS,,DAL,
2318,BOS,,HOU,
2319,SDT,,NYC,
2320,SFN,,PHI,
2321,CHC,,BKN,
2322,STL,,WAS,
2323,OKC,,PIT,
2324,PHX,,CIN,
2325,ATL,,COL,
2326,MIA,,LAP,
2327,BAL,,SEA,
2328,CLE,,OAK,
2329,DET,,LAA,
2330,MIL,,MIN,
2331,NYS,,DAL,
2332,BOS,,HOU,
2333,SDT,,NYC,
2334,SFN,,PHI,
2335,CHC,,BKN,
2336,STL,,WAS,
2337,OKC,,PIT,
2338,PHX,,CIN,
2339,IND,,NYC,
2340,MIL,,PHI,
2341,NYS,,BKN,
2342,BOS,,WAS,
2343,BAL,,PIT,
2344,CLE,,ATL,
2345,DET,,MIA,
2346,ORL,,CIN,
2347,DAL,,CHC,
2348,HOU,,STL,
2349,SEA,,OKC,
2350,OAK,,COL,
2351,LAA,,LAP,
2352,CHR,,PHX,
2353,KCM,,SDT,
2354,MIN,,SFN,
2355,IND,,NYC,
2356,MIL,,PHI,
2357,NYS,,BKN,
2358,BOS,,WAS,
2359,BAL,,PIT,
2360,CLE,,ATL,
2361,DET,,MIA,
2362,ORL,,CIN,
2363,DAL,,CHC,
2364,HOU,,STL,
2365,SEA,,OKC,
2366,OAK,,COL,
2367,LAA,,LAP,
2368,CHR,,PHX,
2369,KCM,,SDT,
2370,MIN,,SFN,
2371,IND,,NYC,
2372,MIL,,PHI,
2373,NYS,,BKN,
2374,BOS,,WAS,
2375,BAL,,PIT,
2376,CLE,,ATL,
2377,DET,,MIA,
2378,ORL,,CIN,
2379,DAL,,CHC,
2380,HOU,,STL,
2381,SEA,,OKC,
2382,OAK,,COL,
2383,LAA,,LAP,
2384,CHR,,PHX,
2385,KCM,,SDT,
2386,MIN,,SFN,
2387,CIN,,DET,
2388,PHI,,IND,
2389,BKN,,MIL,
2390,OKC,,HOU,
2391,WAS,,NYS,
2392,PIT,,BOS,
2393,ATL,,BAL,
2394,MIA,,CLE,
2395,CIN,,DET,
2396,NYC,,ORL,
2397,PHI,,IND,
2398,BKN,,MIL,
2399,COL,,SEA,
2400,LAP,,OAK,
2401,PHX,,LAA,
2402,SDT,,CHR,
2403,SFN,,KCM,
2404,CHC,,MIN,
2405,STL,,DAL,
2406,OKC,,HOU,
2407,WAS,,NYS,
2408,PIT,,BOS,
2409,ATL,,BAL,
2410,MIA,,CLE,
2411,CIN,,DET,
2412,NYC,,ORL,
2413,PHI,,IND,
2414,BKN,,MIL,
2415,COL,,SEA,
2416,LAP,,OAK,
2417,PHX,,LAA,
2418,SDT,,CHR,
2419,SFN,,KCM,
2420,CHC,,MIN,
2421,STL,,DAL,
2422,OKC,,HOU,
2423,WAS,,NYS,
2424,PIT,,BOS,
2425,ATL,,BAL,
2426,MIA,,CLE,
2427,NYC,,ORL,
2428,COL,,SEA,
2429,LAP,,OAK,
2430,PHX,,LAA,
2431,SDT,,CHR,
2432,SFN,,KCM,
2433,CHC,,MIN,
2434,STL,,DAL,
2435,BAL,,NYS,
2436,CLE,,BOS,
2437,IND,,DET,
2438,MIL,,ORL,
2439,SEA,,LAA,
2440,OAK,,CHR,
2441,DAL,,KCM,
2442,HOU,,MIN,
2443,NYC,,BKN,
2444,PHI,,WAS,
2445,PIT,,MIA,
2446,ATL,,CIN,
2447,OKC,,CHC,
2448,COL,,STL,
2449,LAP,,SDT,
2450,PHX,,SFN,
2451,BAL,,NYS,
2452,CLE,,BOS,
2453,IND,,DET,
2454,MIL,,ORL,
2455,SEA,,LAA,
2456,OAK,,CHR,
2457,DAL,,KCM,
2458,HOU,,MIN,
2459,NYC,,BKN,
2460,PHI,,WAS,
2461,PIT,,MIA,
2462,ATL,,CIN,
2463,OKC,,CHC,
2464,COL,,STL,
2465,LAP,,SDT,
2466,PHX,,SFN,
2467,BAL,,NYS,
2468,CLE,,BOS,
2469,IND,,DET,
2470,MIL,,ORL,
2471,SEA,,LAA,
2472,OAK,,CHR,
2473,DAL,,KCM,
2474,HOU,,MIN,
2475,NYC,,BKN,
2476,PHI,,WAS,
2477,PIT,,MIA,
2478,ATL,,CIN,
2479,OKC,,CHC,
2480,COL,,STL,
2481,LAP,,SDT,
2482,PHX,,SFN,
2483,MIL,,NYS,
2484,IND,,BOS,
2485,CLE,,DET,
2486,BAL,,ORL,
2487,MIN,,LAA,
2488,KCM,,CHR,
2489,SEA,,HOU,
2490,ATL,,BKN,
2491,PIT,,WAS,
2492,PHI,,MIA,
2493,NYC,,CIN,
2494,SFN,,CHC,
2495,COL,,LAP,
2496,OKC,,PHX,
2497,MIL,,NYS,
2498,IND,,BOS,
2499,CLE,,DET,
2500,BAL,,ORL,
2501,DAL,,OAK,
2502,MIN,,LAA,
2503,KCM,,CHR,
2504,SEA,,HOU,
2505,ATL,,BKN,
2506,PIT,,WAS,
2507,PHI,,MIA,
2508,NYC,,CIN,
2509,SFN,,CHC,
2510,COL,,LAP,
2511,OKC,,PHX,
2512,STL,,SDT,
2513,MIL,,NYS,
2514,IND,,BOS,
2515,CLE,,DET,
2516,BAL,,ORL,
2517,DAL,,OAK,
2518,MIN,,LAA,
2519,KCM,,CHR,
2520,SEA,,HOU,
2521,ATL,,BKN,
2522,PIT,,WAS,
2523,PHI,,MIA,
2524,NYC,,CIN,
2525,SFN,,CHC,
2526,COL,,LAP,
2527,OKC,,PHX,
2528,STL,,SDT,
2529,MIL,,NYS,
2530,IND,,BOS,
2531,CLE,,DET,
2532,BAL,,ORL,
2533,DAL,,OAK,
2534,MIN,,LAA,
2535,KCM,,CHR,
2536,SEA,,HOU,
2537,ATL,,BKN,
2538,PIT,,WAS,
2539,PHI,,MIA,
2540,NYC,,CIN,
2541,SFN,,CHC,
2542,COL,,LAP,
2543,OKC,,PHX,
2544,STL,,SDT,
2545,BOS,,BAL,
2546,NYS,,CLE,
2547,MIL,,DET,
2548,IND,,ORL,
2549,CHR,,SEA,
2550,LAA,,OAK,
2551,DAL,,MIN,
2552,KCM,,HOU,
2553,WAS,,NYC,
2554,BKN,,PHI,
2555,ATL,,MIA,
2556,PIT,,CIN,
2557,STL,,OKC,
2558,CHC,,COL,
2559,SFN,,LAP,
2560,PHX,,SDT,
2561,BOS,,BAL,
2562,NYS,,CLE,
2563,MIL,,DET,
2564,IND,,ORL,
2565,CHR,,SEA,
2566,LAA,,OAK,
2567,DAL,,MIN,
2568,KCM,,HOU,
2569,WAS,,NYC,
2570,BKN,,PHI,
2571,ATL,,MIA,
2572,PIT,,CIN,
2573,STL,,OKC,
2574,CHC,,COL,
2575,SFN,,LAP,
2576,PHX,,SDT,
2577,BOS,,BAL,
2578,NYS,,CLE,
2579,MIL,,DET,
2580,IND,,ORL,
2581,CHR,,SEA,
2582,LAA,,OAK,
2583,DAL,,MIN,
2584,KCM,,HOU,
2585,WAS,,NYC,
2586,BKN,,PHI,
2587,ATL,,MIA,
2588,PIT,,CIN,
2589,STL,,OKC,
2590,CHC,,COL,
2591,SFN,,LAP,
2592,PHX,,SDT,
